profile,region_name,barcode
Ground Truth,T3,CAAAGATTATTGGGCC-1
Ground Truth,T3,ACAATGAATACGGAGA-1
Ground Truth,T3,GCTCCTGACATACTGG-1
Ground Truth,T3,GATGACAAGTAGGGCA-1
Ground Truth,T3,TACGCCGAGGGTACCC-1
Ground Truth,T3,TCGAGCCAGGCAGGCC-1
Ground Truth,T3,CCCGTAGCTGGGAAGA-1
Ground Truth,T3,GTGGTATAGTCTGCCG-1
Ground Truth,T3,GGACCTCTAGGCCGCC-1
Ground Truth,T3,TCGAATATCCCGCAGG-1
Ground Truth,T3,GCGACCCAACCATCTG-1
Ground Truth,T3,AGAGAAGGAGTACAAT-1
Ground Truth,T3,GGCTCCTCCACCTGTT-1
Ground Truth,T3,TCAGTGTATACGTCAT-1
Ground Truth,T3,TTAGGTCATAACCGAC-1
Ground Truth,T3,CTACAAGAAATAACCC-1
Ground Truth,T3,TTGTTTCACATCCAGG-1
Ground Truth,T3,TGCGACGGCCGAACGT-1
Ground Truth,T3,CGTGTCTCGTTACGAC-1
Ground Truth,T3,GAATAGTGCTCGATTA-1
Ground Truth,T3,AACAATACATTGTCGA-1
Ground Truth,T3,CACATCGTGCACGCGC-1
Ground Truth,T3,ACCGTGACCACGTGGG-1
Ground Truth,T3,CCCAATGAGATTTGCA-1
Ground Truth,T3,CTACTCAAGGTATAGT-1
Ground Truth,T3,TAGTAGCTTATACCAG-1
Ground Truth,T3,CTCTTCTGGAAGTTAG-1
Ground Truth,T3,TACGTACTAGTGCTGA-1
Ground Truth,T3,ATGACTATCAGCTGTG-1
Ground Truth,T3,GCGTCCCTAAGACATA-1
Other,T3Eexclusive,ACCGTGACCACGTGGG-1
Other,T3Eexclusive,GCGACCCAACCATCTG-1
Other,T3Eexclusive,TACGTACTAGTGCTGA-1
Ground Truth,T11,GTCTCCGCCTCAATAC-1
Ground Truth,T11,CTGCGATTTCGAGATT-1
Ground Truth,T11,ATGGTATTGGGAACCG-1
Ground Truth,T11,TAGGTTCTGCTGAGAA-1
Ground Truth,T11,GCCTGTCCCGGTGCAT-1
Ground Truth,T11,GGCCTGCTCTGATGTT-1
Ground Truth,T11,TAGAGGGAGTTTATCT-1
Ground Truth,T11,CTCTACATCCTGCGTG-1
Ground Truth,T11,TAACAGGTTCCCTTAG-1
Ground Truth,T11,GATTCTGTTAATGAGT-1
Ground Truth,T11,GGACACCTCGGTGTTG-1
Ground Truth,T11,CGATCGAGAAGCACCA-1
Ground Truth,T9,TTCTATTAAACGCAGC-1
Ground Truth,T9,ATCTGCTGTTATCGCC-1
Ground Truth,T9,AGCCCGCAACAAGCAG-1
Ground Truth,T9,GCTCCATGCAAAGCAA-1
Ground Truth,T9,TCGTACCGACGTCAAG-1
Ground Truth,T9,ATTATCGGAATGTACG-1
Ground Truth,T9,ACCTACTATAAATCTA-1
Ground Truth,T8,CCTATATTTGTCCTGG-1
Ground Truth,T8,TCCAATAAAGGCTACC-1
Ground Truth,T8,AAAGGCTACGGACCAT-1
Ground Truth,T8,CGTGACCAGTCCTCTG-1
Ground Truth,T8,AACATTGTGACTCGAG-1
Ground Truth,T8,GTCCAATATTTAGCCT-1
Ground Truth,T8,GCTCTTTCCGCTAGTG-1
Ground Truth,T8,GGGTCAGGAGCTAGAT-1
Ground Truth,T8,AGGTGGTGACCTTCGC-1
Ground Truth,T8,CCCGGGTCGTTCAGGG-1
Ground Truth,T8,GTGCACCAGCTTCAAC-1
Ground Truth,T8,TGGCAAGCACAAGTCG-1
Ground Truth,T7,TTCGCACTGTACGACA-1
Ground Truth,T7,GAAGCCTGCACATTCC-1
Ground Truth,T7,GCTCAATGTAATACCG-1
Ground Truth,T7,CTATGCCCGAATGCAA-1
Ground Truth,T7,CACAGGGCCGTTGTCA-1
Ground Truth,T7,TCAATACGCCGTCATG-1
Ground Truth,T7,AGCGGACACTTCGTAG-1
Ground Truth,T7,ATACGTTATGCACGGA-1
Ground Truth,T7,AGCCAAGCTTTGTGTC-1
Ground Truth,T7,TGTGGCGGGCTTCTGG-1
Ground Truth,T7,CGAGGGTATCCAGGTG-1
Ground Truth,T7,CGTTCAGACCCGCGAA-1
Ground Truth,T7,TCATATGAGCTTTGTT-1
Ground Truth,T6,GGTAGACCGTTGGGCG-1
Ground Truth,T6,TCGTTAGGAGTCCCTA-1
Ground Truth,T6,ACGGCCAACATGGACT-1
Ground Truth,T6,GTGAGTGGTACAACGC-1
Ground Truth,T6,GAGACTTCGCGACCGA-1
Ground Truth,T6,GAAGTCAGTTGCACTA-1
Ground Truth,T6,GTTTGGTAGGGTCAAC-1
Ground Truth,T6,CCTCTGTACTATTCTA-1
Ground Truth,T6,GACGCCGTAAAGGCTA-1
Ground Truth,T6,AAAGGCTCTCGCGCCG-1
Ground Truth,T6,CTGGCTGGTTGTCAGT-1
Ground Truth,T6,ACATCCCGGCCATACG-1
Ground Truth,T6,CTCTTGTCCCGCTTGG-1
Ground Truth,T6,TACGCCTCCATTCCGA-1
Ground Truth,T6,CGGAGCAATTTAATCG-1
Ground Truth,T6,AACTAGGCTTGGGTGT-1
Ground Truth,T6,GCGTCGCCAGGGTGAT-1
Ground Truth,T6,GTTGGTCATGCTATCC-1
Ground Truth,T6,TGAGCGGAAAGTGTTC-1
Ground Truth,T6,GCTGCTAAGTAGTCGA-1
Ground Truth,T6,AATAGTCCGTCCCGAC-1
Ground Truth,T6,AGCAGCCAGATGAATA-1
Ground Truth,T6,CCTCGCGCTGTGCGAT-1
Ground Truth,T6,TTGTGTATGCCACCAA-1
Ground Truth,T6,TGCTCGGCGAAACCCA-1
Ground Truth,T6,CGATTAAATATCTCCT-1
Ground Truth,T6,TGCCGTGGATCGTCCT-1
Ground Truth,T6,GTGGACGCATTTGTCC-1
Ground Truth,T6,ACCCGGAAACTCCCAG-1
Ground Truth,T6,CCGCATGTGGTACGAT-1
Ground Truth,T6,GGGCAGAGCAATCGTT-1
Ground Truth,T6,TACCTACTCCCAGTAT-1
Ground Truth,T6,ATACCTAACCAAGAAA-1
Ground Truth,T6,AATTAACGGATTTCCA-1
Ground Truth,T5,ATAAACGGACCCGTAA-1
Ground Truth,T5,GTCGTACCATCTCGGG-1
Ground Truth,T5,ATAATAGCTGTTGAAT-1
Ground Truth,T5,TTCCGCGTGAGGCGAT-1
Ground Truth,T5,TACCGGCTCACTGCCC-1
Ground Truth,T5,ACGCGAAGTCAGACGA-1
Ground Truth,T5,GATAGGTAACGTTGAC-1
Ground Truth,T5,TGTTCGTATTGCGGTG-1
Ground Truth,T5,GGTCAGTGGGTCCCAC-1
Ground Truth,T5,AATTCTAGAGTTAGGC-1
Ground Truth,T5,GTTTACGTTCCATCTG-1
Ground Truth,T5,AGACCCACCGCTGATC-1
Ground Truth,T5,TCTAGCATGCCCAGAA-1
Ground Truth,T5,TAGCTCGCCTGATAAC-1
Ground Truth,T5,TATACACAGACGCCTT-1
Ground Truth,T5,CCATCGCAGTTAAACT-1
Ground Truth,T4,CATATAGGTACAGTCA-1
Ground Truth,T4,TTGCACAATTCAGAAA-1
Ground Truth,T4,CATCGGACGGGTTAAT-1
Ground Truth,T4,ATTAAACATGCGGACC-1
Ground Truth,T4,CTTGCCCAGGCTCTAC-1
Ground Truth,T4,AAATCGTGTACCACAA-1
Ground Truth,T4,GTGATCATAGATCTGC-1
Ground Truth,T4,TGGCAGATTACGATCA-1
Ground Truth,T4,TCACCCTCTTAAGATT-1
Ground Truth,T4,CAGGATATATCGTTGT-1
Ground Truth,T4,CCTGACCACCGATGGT-1
Ground Truth,T4,CTGAATCCGAGACCTC-1
Ground Truth,T4,TACGACGCTTGCTGCG-1
Ground Truth,T4,GAATTCACCCGGGTGT-1
Ground Truth,T4,GGGTGACACCTTAACT-1
Ground Truth,T4,TGAGTAAATTAGCGTA-1
Ground Truth,T4,GAGTCCGCTTACCGGA-1
Ground Truth,T4,ATTCATATACTGTCCA-1
Ground Truth,T2,GGTTACCACCCTCGGG-1
Ground Truth,T2,CGAGTACTAAAGAGGA-1
Ground Truth,T2,TCTAGCAATCTCCGCC-1
Ground Truth,T2,AGTTTGGCCAGACCTA-1
Ground Truth,T2,TTGTAAGGACCTAAGT-1
Ground Truth,T2,AAATTTGCGGGTGTGG-1
Ground Truth,T2,AAGTTCGGCCAACAGG-1
Ground Truth,T2,CCGCTTACCTCACTCT-1
Ground Truth,T2,ATCACGTGCTAATTAA-1
Ground Truth,T2,GGTGAAGTACAGGGAT-1
Ground Truth,T2,AATGACAGCAATGTCT-1
Ground Truth,T2,TCAACGCAGGAAATAA-1
Ground Truth,T2,TATTCCTCCGCCCACT-1
Ground Truth,T2,ATCAAACGAAGGTTTG-1
Ground Truth,T2,TTGATTAGCTGTTTCT-1
Ground Truth,T2,CTGCTGAGGCCACGAA-1
Ground Truth,T2,CCGTGTTAAATTCCAT-1
Ground Truth,T2,CACGTCGGCAACCTCT-1
Ground Truth,T2,TTGACCGTGTTAATGA-1
Ground Truth,T2,CTAACTGGTCCGGTTC-1
Ground Truth,T1,TGGTCTGTTGGGCGTA-1
Ground Truth,T1,CATACCCGTACCCAGT-1
Ground Truth,T1,GTTACAATTGGTGACG-1
Ground Truth,T1,CTAACCGCGCGCCCGT-1
Ground Truth,T1,ACCCATCTTGAGGGTA-1
Ground Truth,T1,CGGTTGACCTGGCATA-1
Ground Truth,T1,ATCCTGAATCGCTGCG-1
Ground Truth,T1,GTTTCATATCGTCGCT-1
Ground Truth,T1,ATAAATATTAGCAGCT-1
Ground Truth,T1,AAGAGGATGTACGCGA-1
Ground Truth,T1,TCCTGCGTTGATACTC-1
Ground Truth,T1,CGTGCATTGTCGACGC-1
Ground Truth,T1,CCGGGTTCGAGGTTAC-1
Ground Truth,T1,CCCAATTTCACAACTT-1
Ground Truth,T1,TGATTTATTAGCTGTG-1
Ground Truth,T1,TGGAAGAAGGGAACGT-1
Ground Truth,T1,GACGCTTGCTTCTAAA-1
Ground Truth,T1,GGGAACGGGAGGTTAG-1
Ground Truth,T1,GCGGCTCTGACGTACC-1
Ground Truth,T1,ACGTTAGATTTGCCCG-1
Ground Truth,T1,CTCACTTGGCTGGTAA-1
Ground Truth,T1,CGCCTGGCCTACGTAA-1
Ground Truth,T1,CCCGTAAGTCTAGGCC-1
Ground Truth,T1,TTGGACATGTGGCTTA-1
Ground Truth,T1,ATTACGCGCTGGCAGG-1
Ground Truth,T1,ACGCGCTACACAGGGT-1
Ground Truth,T1,TACGTTTACCGGCAAT-1
Ground Truth,T1,CGAAACGCAATTCATG-1
Ground Truth,T1,TAGTCTAACAACGAGA-1
Ground Truth,T1,TTGCATGCTGATCACG-1
Ground Truth,T1,TCTGGGTAGCGCTCAT-1
Ground Truth,T1,ACATCGGTCAGCCGCG-1
Ground Truth,T1,AGATACCGGTGTTCAC-1
Ground Truth,T1,GATTACTGAATTTGGG-1
Ground Truth,T1,CATGCCAACTCGCAAA-1
Ground Truth,T1,TCGTGTCACGCTGACA-1
Ground Truth,T1,TGATCAGGGAACTGCT-1
Ground Truth,T1,CTTGCAACCGCCTCCT-1
Ground Truth,T1,AGCCCATACATGTAAG-1
Ground Truth,T1,ATCCAATGGAGGGTCC-1
Ground Truth,T1,AAACCGGGTAGGTACC-1
Ground Truth,T1,GCAACCACGGCCGCGT-1
Ground Truth,T1,CGCTTATTCCCGGTCG-1
Ground Truth,T1,TTACTCTGGTACGTAC-1
Ground Truth,T1,GTGGTTTCCGCCTTTC-1
Ground Truth,T1,ATAGGCGGCTATAGAA-1
Ground Truth,T1,GTGCCATCACACGGTG-1
Ground Truth,T1,CCCAACATACGTCGCG-1
Ground Truth,T1,CGGTGCAGATAGAACG-1
Ground Truth,T1,GGGCGGGTTCCCTACG-1
Ground Truth,T1,TGAGCCATACAGTCTC-1
Ground Truth,T1,AAACTTGCAAACGTAT-1
Ground Truth,T1,AGGGCGAGCAGCTGAT-1
Ground Truth,T1,AACACGAGACGCGGCC-1
Ground Truth,T1,TGACGAATATTTCCCT-1
Ground Truth,T1,TCGGAGAGTATCGGGA-1
Ground Truth,T1,CAAATCTCTCACAAGG-1
Ground Truth,T1,AGGCCCTAGAACGCCA-1
Ground Truth,T1,TAGAGATCATGCAACT-1
Ground Truth,T1,TTGTTTCCATACAACT-1
Ground Truth,T1,GAGAGGTGCATTCTGG-1
Ground Truth,T1,GTGGACCAACCCGATT-1
Ground Truth,T1,CTGGGCCTGCTATATC-1
Ground Truth,T1,CATAGTCCACAAGAAC-1
Ground Truth,T1,TTGACATGAACGTGGA-1
Ground Truth,T1,GGTTACCACCCTCGGG-1
Ground Truth,T1,TACCGGTCGTTTCCAT-1
Ground Truth,T1,ACTCCCATTCCTAAAG-1
Ground Truth,T1,ACCTGCGTGTCATGTT-1
Ground Truth,T1,TACTTTCCGCACGCCA-1
Ground Truth,T1,AGGTCAGGTGAGAGTG-1
Ground Truth,T1,TCCTCCTAAGACATTC-1
Ground Truth,T1,ATGTGAAAGCCTAATG-1
Ground Truth,T1,AGTCGGCTCAACTTTA-1
Ground Truth,T1,CGATCTGTTGGAGGAC-1
Ground Truth,T1,ACGGGAGTGTCGGCCC-1
Ground Truth,T1,TTAACTTCAGGTAGGA-1
Ground Truth,T1,CCACGGAGCCATAAGA-1
Ground Truth,T1,CTTCTATGTTGAAGTA-1
Ground Truth,T1,CACCGTTGCGCGATAT-1
Ground Truth,T1,TCTAGCAATCTCCGCC-1
Ground Truth,T1,TTGTAAGGACCTAAGT-1
Ground Truth,T1,CAGTACCAGTTTACGT-1
Ground Truth,T1,GGTCGTAAGCTCGCAC-1
Ground Truth,T1,CGTTCATGGTGCGCGT-1
Ground Truth,T1,GACTACAAAGCGGTGG-1
Ground Truth,T1,CAGCTGGCGTAACCGT-1
Ground Truth,T1,ACTCGTAACCCGTCCT-1
Ground Truth,T1,CATATGTCAGGCTACG-1
Ground Truth,T1,CTGGCATCCGAATGAG-1
Other,ALL,TACAAGCTGTTCACTG-1
Other,ALL,GTATCTTGTTGCTCAC-1
Other,ALL,ATACCAGGTGAGCGAT-1
Other,ALL,CCTAAACAGGGTCCGT-1
Other,ALL,ATGGTGCTCAAAGCCA-1
Other,ALL,CAAATGCGGAGTGTTC-1
Other,ALL,CGTGCCCGACATTTGT-1
Other,ALL,GTATCTCCCTAACTGT-1
Other,ALL,ATTTGCCTAGTTACGA-1
Other,ALL,ACGTCCTAAACGAGAT-1
Other,ALL,CTGGGATCGCCCAGAT-1
Other,ALL,CTGCAAATGGGCTCCA-1
Other,ALL,CATTATAACAGGGTCC-1
Other,ALL,ACCTTTCCTTTAGAAG-1
Other,ALL,ATAGATTTGCAGTCGG-1
Other,ALL,CTCGGGCATCGTCGGG-1
Other,ALL,GTGGCGGGCCGTAGCT-1
Other,ALL,CAACAGTGCCAAACGG-1
Other,ALL,TGCGGGTATTGGGATC-1
Other,ALL,GTCTCGCCAACACGCC-1
Other,ALL,TCCCACGGAGGGAGCT-1
Other,ALL,AGCTTCAATACTTTGA-1
Other,ALL,TTCCACATTTCTCGTC-1
Other,ALL,ACAAACCGACAAGGCG-1
Other,ALL,AGACGGGATTGGTATA-1
Other,ALL,AACCTAAAGCCGTCCG-1
Other,ALL,TACAAATTGCGGAGGT-1
Other,ALL,CCCGCTAGAGGGTTAA-1
Other,ALL,CATTGCAAAGCATAAT-1
Other,ALL,TGTACGCTATCAGCTT-1
Other,ALL,TTCTTCGCAATAGAGC-1
Other,ALL,TGTGATTCCAGCGCTT-1
Other,ALL,ATTCAGGATCGCCTCT-1
Other,ALL,GCCCATGGGTGCAATG-1
Other,ALL,TTCCCGACGCTTCACT-1
Other,ALL,GGCGTACCCTATATAA-1
Other,ALL,GCCGGAAACACATCTT-1
Other,ALL,AAATGTGGGTGCTCCT-1
Other,ALL,ACCAGGAGTGTGATCT-1
Other,ALL,TGTGGAGGAAGCTTAA-1
Other,ALL,AAGGAGAACTTATAAG-1
Other,ALL,CCCTCGGGAGCCTTGT-1
Other,ALL,ACTGTTTAGTGTAGGC-1
Other,ALL,CGTCAGTTTATCGTCT-1
Other,ALL,GCGTGTATGTCGTATT-1
Other,ALL,ACAATCGATCTTTATA-1
Other,ALL,CAGCCCTCACAGGCAG-1
Other,ALL,CGCGTCATATTAAACC-1
Other,ALL,GAAGACTTCAATGCCG-1
Other,ALL,TTGCGGCGACTCATGC-1
Other,ALL,ACCAAACTAGAAATCC-1
Other,ALL,TTACTGTTTCTCTACG-1
Other,ALL,GACCAGGTCATTCATA-1
Other,ALL,TTCTTCCCTTTGATAT-1
Other,ALL,ACGCCCAGCTGTCGAT-1
Other,ALL,AGTAGCGTGAACGAAC-1
Other,ALL,CCTCGACCCACTGCCT-1
Other,ALL,GAATCTATACTCGGAC-1
Other,ALL,TCGGCTAACTTCCCTT-1
Other,ALL,ACGTGGTCGAATGTGC-1
Other,ALL,ATATCGTGCCAGACCC-1
Other,ALL,GTAGCTAGTAAGCGCG-1
Other,ALL,ACGCTTAGTGTCTCTC-1
Other,ALL,TCCGGCCTGCATCGAT-1
Other,ALL,TAGTGGAACTCATACA-1
Other,ALL,GTTATTAAATACGACC-1
Other,ALL,GCGCTAAGTATGCATG-1
Other,ALL,CCTGACGCAACCTTTA-1
Other,ALL,CCCAAGAATGCACGGT-1
Other,ALL,AACTGGGTTCGAGCCG-1
Other,ALL,GGTTCCACCCGCTTCT-1
Other,ALL,CATGCACGTGTTACTG-1
Other,ALL,AACTTTAGCTGCTGAG-1
Other,ALL,CCCAAGACAGAGTATG-1
Other,ALL,GAACCATCTGGGAGAC-1
Other,ALL,TGCTATACAAACGGAC-1
Other,ALL,ACTTGCCATATTGTAC-1
Other,ALL,TATTCCGGCAGTCCTA-1
Other,ALL,GACGGACCGCGTTCCT-1
Other,ALL,ATGTGTAGTTTAGTCA-1
Other,ALL,ATACCAGCAAATTGCT-1
Other,ALL,AAGTTTACTAATGGCA-1
Other,ALL,CTCTCGATGTGCGCCT-1
Other,ALL,GATTGACACTCTGCTC-1
Other,ALL,TATCACAGCACGGGCA-1
Other,ALL,ACCGTTCCCGCTCTGA-1
Other,ALL,CCGCCACCACAATCCA-1
Other,ALL,CATTCACTGACAGCTA-1
Other,ALL,CGGCTGCAAGATTAAG-1
Other,ALL,CATGAACCTCTTATCA-1
Other,ALL,TTAATGCGAGGTAACT-1
Other,ALL,AATAAGTCCTCGAGAC-1
Other,ALL,ACCAGCCCGGTCTTTG-1
Other,ALL,CTACGAACTAGGTCGA-1
Other,ALL,ACATCTCAACGCGTAA-1
Other,ALL,CACTACTCAGTTCTGT-1
Other,ALL,CATTTATCGTTCAAGA-1
Other,ALL,CAAACGTGGTCTTGCG-1
Other,ALL,TAGAAACCACTAAGTA-1
Other,ALL,ACTGATTTAGTGATTC-1
Other,ALL,TCGTATTTCGTCCGGA-1
Other,ALL,GTTCAATCTATGTCAA-1
Other,ALL,ATAAAGGTCAAGTACG-1
Other,ALL,CAACTCCAACGTTTAG-1
Other,ALL,TAGGAACAGCCTCCAG-1
Other,ALL,ATGGGAACGGAAGCGG-1
Other,ALL,CACACGTTTCAATGGG-1
Other,ALL,GGTGTTCTGTTTCTAC-1
Other,ALL,AGTAACGTTCATCCTG-1
Other,ALL,GTATAGTGGCCCATGT-1
Other,ALL,AGACATAGATCCTTCC-1
Other,ALL,GGTGAAACCGGGAATG-1
Other,ALL,AACTGGTGTGGGCCTT-1
Other,ALL,GTAGCGCTGTTGTAGT-1
Other,ALL,CGTAGCGCCGACGTTG-1
Other,ALL,CAAGTGAACTTTGGTT-1
Other,ALL,GTAGACAACCGATGAA-1
Other,ALL,CAATGGTCGGCCTGGG-1
Other,ALL,ACAGATTAGGTTAGTG-1
Other,ALL,GTTATCACCTTCTGAA-1
Other,ALL,TGGTATCGGTCTGTAT-1
Other,ALL,GGAATAACCTCAAGAA-1
Other,ALL,ATTATCTCGACAGATC-1
Other,ALL,CCGAGGGATGTTAGGC-1
Other,ALL,TGAGATCAAATACTCA-1
Other,ALL,AAACGAAGAACATACC-1
Other,ALL,CTGGTCCTAACTTGGC-1
Other,ALL,TGCACGAGTCGGCAGC-1
Other,ALL,ATAGTCTTTGACGTGC-1
Other,ALL,TGGAGCTAAAGTTCCC-1
Other,ALL,GGGTGGTCCAGCCTGT-1
Other,ALL,CATGCATGGAGACCCT-1
Other,ALL,ACACGGCACTATGCAT-1
Other,ALL,CCCTGGTATGGGCGGC-1
Other,ALL,GGAGGATTGAAAGGAG-1
Other,ALL,CCGCTGGTGCCATTCA-1
Other,ALL,GTTAGAGTGTGCCGCT-1
Other,ALL,TCGGAATGACCATCAA-1
Other,ALL,TTCAATTAGCCATAAT-1
Other,ALL,GATGTGTTGTCACAAG-1
Other,ALL,TCTTTCTCTTAAGGAG-1
Other,ALL,ACCCTTTAGTTCTCCA-1
Other,ALL,ATTCTGAGTATGAACT-1
Other,ALL,GGATTAAGCTAAGGTC-1
Other,ALL,AGTACGTGGCCTGTCT-1
Other,ALL,TCAGGGTGCACGAAAC-1
Other,ALL,AAATTTACCGAAATCC-1
Other,ALL,TTGAGGCATTTAACTC-1
Other,ALL,AACCAGTATCACTCTT-1
Other,ALL,GGATACTCATGAATTG-1
Other,ALL,TGGGCACAAACAGAAC-1
Other,ALL,GCCTATTTGCTACACA-1
Other,ALL,ACCGAAAGGGCCCTGC-1
Other,ALL,ACGTTCCGCGCTCCGT-1
Other,ALL,ATACCAGGCTAATAGA-1
Other,ALL,CGGCTTTGTATGATAA-1
Other,ALL,CTTGACCCGAAAGATA-1
Other,ALL,CGCAGAAACATTTGCG-1
Other,ALL,GACCCGTCGCCGGCTA-1
Other,ALL,AATCGGGACACTACGA-1
Other,ALL,GTCACAAAGTTTCCAA-1
Other,ALL,TATATTCGCGTCGATA-1
Other,ALL,CCTCCCGACAATCCCT-1
Other,ALL,CGACATGCGATCTTCT-1
Other,ALL,AACACGACTGTACTGA-1
Other,ALL,CCCAACCACACTAACA-1
Other,ALL,CACCGCCGACCAGCGA-1
Other,ALL,TGGTATCGCATCCCAA-1
Other,ALL,CAGAGTGATTTAACGT-1
Other,ALL,AACCCTGGTGGAACCA-1
Other,ALL,GTCAGTTGTGCTCGTT-1
Other,ALL,ATTGACGTAACTCGGT-1
Other,ALL,GATGTCGGTCAACTGC-1
Other,ALL,AGGGCAGCGGCGTGGT-1
Other,ALL,ACATCGTTAACCTAGT-1
Other,ALL,TCCATTGTGACCTCGT-1
Other,ALL,TGTTTAATACTTCATC-1
Other,ALL,TTGCTGGCCGGGCTTC-1
Other,ALL,CATATTATTTGCCCTA-1
Other,ALL,GACTACAATTGCTCGT-1
Other,ALL,CGCATCATGGCTTCAG-1
Other,ALL,CGGCTCTTCGTCGAAC-1
Other,ALL,ATTCTTCGTACTTATG-1
Other,ALL,AGTGAGGGTTTCTGAC-1
Other,ALL,GCCAGGCGTTCGCATG-1
Other,ALL,GACTAACACAGCACCT-1
Other,ALL,CAATGGAATCTACATA-1
Other,ALL,GTGGTCAGCGAAGTAT-1
Other,ALL,CATGAACCGACATTTG-1
Other,ALL,TCTGTCATACAAGAGC-1
Other,ALL,GTCGTCAATTATAAGG-1
Other,ALL,AAAGTCACTGATGTAA-1
Other,ALL,TGTCTACAGTTTCTGT-1
Other,ALL,TTAACGTCGCAAGACC-1
Other,ALL,CTATGTCTATTGAAAC-1
Other,ALL,TCGGGTGAAACTGCTA-1
Other,ALL,TGTCCCGACATAGCAC-1
Other,ALL,ACAGCATAGAGCCAGT-1
Other,ALL,ATATTCCCACAGGTCA-1
Other,ALL,TTGGATCGACTTCTGG-1
Other,ALL,CACCATCGGAGGAGAC-1
Other,ALL,TCGTTCGTTATTATGT-1
Other,ALL,CTTAACTTCGAAGTAC-1
Other,ALL,GCACAAGTGTCGGAAG-1
Other,ALL,TACCAGCTAGGTTTAA-1
Other,ALL,ACGTACAGATTTCTCT-1
Other,ALL,AATTTGGTTCCAAAGA-1
Other,ALL,GTAAGGATTTGTCGGA-1
Other,ALL,CATCATCTACCCGGAC-1
Other,ALL,ACGATGGATCCGATGC-1
Other,ALL,CACTCAGCTCTTGAGG-1
Other,ALL,TAGATCCGAAGTCGCA-1
Other,ALL,TGAAACTTATGCAAGC-1
Other,ALL,GCGATTCTGGAAGCAG-1
Other,ALL,CAAACTATTGAGCTTC-1
Other,ALL,TAGAATTAAGGGCAAC-1
Other,ALL,CGAAACATAGATGGCA-1
Other,ALL,GATGGTGCCCTAGGCA-1
Other,ALL,ACAGCGCACCCGCAGC-1
Other,ALL,CACCGATACACCGAGC-1
Other,ALL,CGGAGCTTATAACACC-1
Other,ALL,ATTACAACTACCGGCC-1
Other,ALL,TCCTCTGGCCCATTAG-1
Other,ALL,CGGCACCGTTAGCGCC-1
Other,ALL,TCGGTCCCTGACTCCA-1
Other,ALL,TGGTTGGAGGATCCTG-1
Other,ALL,GCACTAGTCGCGCTAT-1
Other,ALL,GGTAACTATGTATCTG-1
Other,ALL,GCGGTCCCTAGACGCA-1
Other,ALL,ATTGGGAATATCTTGG-1
Other,ALL,TAGAGCTACGAAGAAC-1
Other,ALL,TGCGGCATAGTTCAAC-1
Other,ALL,CCGCCGGTCAACACAC-1
Other,ALL,TCGTATAGTGCAATTA-1
Other,ALL,TAGTTTATTCTTGCTT-1
Other,ALL,GATATCTCATGCAATA-1
Other,ALL,CGTTTAAGCGGAGCAC-1
Other,ALL,CATGCTGGCTCCAATT-1
Other,ALL,GAAACAGCCATGCAGT-1
Other,ALL,AGTTTCGCAGGTCGGA-1
Other,ALL,CTCATGGCTCACAATC-1
Other,ALL,AACCGTTGTGTTTGCT-1
Other,ALL,ACCCTTCATCTGCGAA-1
Other,ALL,TGCGGTGAAATTTCAT-1
Other,ALL,CAAATTGTCAGCAAGC-1
Other,ALL,GAGGTACATCCATCTT-1
Other,ALL,AAATGGCATGTCTTGT-1
Other,ALL,TCATCCCAGAGGGTGG-1
Other,ALL,CGTAGCGAATTGTCAG-1
Other,ALL,CCTAGTTAGTCGCATG-1
Other,ALL,GAAACTCTAATGAAGG-1
Other,ALL,TTGTATCACACAGAAT-1
Other,ALL,TTCAAGCCGAGCTGAG-1
Other,ALL,AGGTACGATATTGCCA-1
Other,ALL,TTAAGCCGACAACTTC-1
Other,ALL,CAGGAAGACTTTATAT-1
Other,ALL,TTCGTAATCCCAGCGG-1
Other,ALL,GTGAGGAGCGGTTGAG-1
Other,ALL,CAATCCCTATACCAGC-1
Other,ALL,AGGGAAACGAGGTACT-1
Other,ALL,TCCTGCCAACTGGAGA-1
Other,ALL,AATTTGGGACATAGTA-1
Other,ALL,GAGTACGGGTATACAA-1
Other,ALL,CATCGCCCGCGGCCAA-1
Other,ALL,TCTTACAGAGGTACCG-1
Other,ALL,GTTCTTCCCTCGATGT-1
Other,ALL,ATTTAACTCGTATTAC-1
Other,ALL,AACGATAGAAGGGCCG-1
Other,ALL,TATCCTGCATGGGAAT-1
Other,ALL,AGGCCCATTGTACAGG-1
Other,ALL,CCGGCGCATATTGGAT-1
Other,ALL,ATCTGTAATTGTACCC-1
Other,ALL,GAGCGAGGGAGTACCG-1
Other,ALL,TTATTAGGGAAGCATC-1
Other,ALL,CTTCTTACGTCGTATA-1
Other,ALL,GAAGTGCTGGATAGCT-1
Other,ALL,GTGCAACAAATGTGGC-1
Other,ALL,CATGCGTTAGACAGAA-1
Other,ALL,ACACACTTTCTACACG-1
Other,ALL,AGCCCTAAGCGAAGTT-1
Other,ALL,ATTAATTCGGTCACTC-1
Other,ALL,AACAGGAAATCGAATA-1
Other,ALL,ACGTTTAGTTGTGATC-1
Other,ALL,TCCTTCAGTGGTCGAA-1
Other,ALL,CGAACGCCCAGTGCCG-1
Other,ALL,CTCTGTTTGAGGATTC-1
Other,ALL,TGGGCACGTTCTATGG-1
Other,ALL,CCTCTGGCCTAGACGG-1
Other,ALL,CCATAAACAACCCGAC-1
Other,ALL,CATAGTACATTGAGAG-1
Other,ALL,CGTGACATTGGGTCGT-1
Other,ALL,CCAATCGGTAGATCGA-1
Other,ALL,ATTGTCGCAATACCTT-1
Other,ALL,AAATTACACGACTCTG-1
Other,ALL,CACTCCTCTCGGTCGG-1
Other,ALL,AAATAACCATACGGGA-1
Other,ALL,CGTTAGCTCACAACTG-1
Other,ALL,GAATGTATGGCAGGTC-1
Other,ALL,GCAACCACCAGACCGG-1
Other,ALL,TCGCTGTGCGTAAATC-1
Other,ALL,GCATCCCTAACTTTGA-1
Other,ALL,CACCCACACGTCACCC-1
Other,ALL,CCCTCATTCTGGAATT-1
Other,ALL,GTTCCAGTCTGACCAT-1
Other,ALL,ATGATCGGGAATAGAC-1
Other,ALL,TTGGATTGGGTACCAC-1
Other,ALL,TACCTCACGCTTGTAC-1
Other,ALL,CATGGCAGGAAGATCG-1
Other,ALL,ATGACGCCGGCTCTAA-1
Other,ALL,AGCGACATCCCATTCA-1
Other,ALL,AGTAATGTCTTGCCGC-1
Other,ALL,TTCTTAGTGGCTCAGA-1
Other,ALL,CGTCTGGAAGGGCCCG-1
Other,ALL,ACGTGCGCCTCGTGCA-1
Other,ALL,AGAGCGGGCTAATCAT-1
Other,ALL,GCGTCGAAATGTCGGT-1
Other,ALL,AACTGATATTAGGCCT-1
Other,ALL,CCACGAGAAGAGAATC-1
Other,ALL,GATTCCGCGTTTCCGT-1
Other,ALL,GTCGGATGTAGCGCGC-1
Other,ALL,CTGGCGACATAAGTCC-1
Other,ALL,TTGGCCTAGAATTTCG-1
Other,ALL,GGCATATCGGTTCTGC-1
Other,ALL,GGGCGTCCACTGGCTC-1
Other,ALL,TTACCCATTGCCGGGT-1
Other,ALL,TTAGACACGATCGTTG-1
Other,ALL,GCGCTGATCCAGACTC-1
Other,ALL,TTCGGCAACCCGCTGA-1
Other,ALL,GATATTTCCTACATGG-1
Other,ALL,CTGCGTTACGATATAA-1
Other,ALL,TAATAAACAAGGAGAT-1
Other,ALL,AACCTTTACGACGTCT-1
Other,ALL,AGTCCCGCCTTTAATT-1
Other,ALL,CCCGCCATGCTCCCGT-1
Other,ALL,CGCTTCCACTGAAATC-1
Other,ALL,CACTGTCCAAGTGAGA-1
Other,ALL,ATTACTAGCCTCTTGC-1
Other,ALL,CATAGTAGCATAGTAG-1
Other,ALL,GGAGTGCCGCCCTGGA-1
Other,ALL,TGAGAATGCTTTACCG-1
Other,ALL,TTAACCAACCCTCCCT-1
Other,ALL,TGTTTCGGTACTTCTC-1
Other,ALL,TTGCTGAAGGAACCAC-1
Other,ALL,TATTTAGTCTAGATCG-1
Other,ALL,CCATAGGTTGGCGTGG-1
Other,ALL,TCCGATAATTGCCATA-1
Other,ALL,TTCATGGCGCAACAGG-1
Other,ALL,TTAATCAGTACGTCAG-1
Other,ALL,CCTATCTATATCGGAA-1
Other,ALL,ATTATACTTTGCTCGT-1
Other,ALL,ATGGATCCGGCGTCCG-1
Other,ALL,CGCCCGCTTCCGTACA-1
Other,ALL,GGATTCCGCTATACCC-1
Other,ALL,CGGTCTATCAACCCGT-1
Other,ALL,ATGCCGGTTGATGGGA-1
Other,ALL,TCATGCAGGTTCTCAT-1
Other,ALL,TCCCTTAGATTACTCG-1
Other,ALL,ATATCTCCCTCGTTAA-1
Other,ALL,AGCTCTTCCCAGTGCA-1
Other,ALL,TCGCTAAACCGCTATC-1
Other,ALL,CACATTCTTTCGATGG-1
Other,ALL,GATATGCGGTAGCCAA-1
Other,ALL,CGTTTCACTTCGGGCG-1
Other,ALL,CCAATTACGGGTCGAG-1
Other,ALL,GCAGGTAGAGTATGGT-1
Other,ALL,TATAAGTGAGGATAGC-1
Other,ALL,GCCCGCGCGTTTGACA-1
Other,ALL,TGCTGGTTGGACAATT-1
Other,ALL,GCCTAGCGATCTGACC-1
Other,ALL,CCATGCTCTGCAGGAA-1
Other,ALL,TATAAATCCACAAGCT-1
Other,ALL,CGCTCGACATAATGAT-1
Other,ALL,CTTGTACTTGTTGACT-1
Other,ALL,ATTATGCCATAGGGAG-1
Other,ALL,GACAACGCAGCTTACG-1
Other,ALL,AGATGACTCGCCCACG-1
Other,ALL,GTGCGGGTCTCCAAAT-1
Other,ALL,GTACGAGATTGCGACA-1
Other,ALL,GTATAGGACTCAGTAG-1
Other,ALL,TTGCACGGAGCAGCAC-1
Other,ALL,CCAAGACTTCTGCGAA-1
Other,ALL,CGCGCCCGACTTAATA-1
Other,ALL,TGCCACCTGGCGAAAC-1
Other,ALL,CTGCCAAGGTTGGAAG-1
Other,ALL,TCTCCAACGTAGGTTA-1
Other,ALL,TTCTTGGAGTAATGAG-1
Other,ALL,GTCTCGATCTGCTTTC-1
Other,ALL,ATCACATTAGAATATC-1
Other,ALL,TACGGGATGCTAGCAG-1
Other,ALL,CACCCACGAGGCAATT-1
Other,ALL,TGCCATTACTAAAGAA-1
Other,ALL,CCGTTACGTTAGAACA-1
Other,ALL,GCCAGGAGTAACCGAT-1
Other,ALL,GGAAAGTGCCCATGCC-1
Other,ALL,TCTTACCGGAACTCGT-1
Other,ALL,TATGTCAAGACCGACT-1
Other,ALL,CCTAACTAAGGCTCTA-1
Other,ALL,GCGGTGAACTGCGCTC-1
Other,ALL,CCTCGCGCGATATAGG-1
Other,ALL,ATTCCTCCGCCAGTGC-1
Other,ALL,TCGTCCGCTGGCGTCT-1
Other,ALL,GGAGAAGTCATTGGCA-1
Other,ALL,TTGTTAGCAAATTCGA-1
Other,ALL,TCTAGCATCTTCGATG-1
Other,ALL,TTCTAGGCCAATTGTG-1
Other,ALL,TATCGATGATTAAACG-1
Other,ALL,GAACACACATCAACCA-1
Other,ALL,CCCGTCAGCGTCTGAC-1
Other,ALL,AGCATCGTCGATAATT-1
Other,ALL,GACTAAGATCATGCAC-1
Other,ALL,TAGGGTGTTTCAAGAG-1
Other,ALL,TGGTTCGTAGCAAAGG-1
Other,ALL,CTGTTCACTGCCTGTG-1
Other,ALL,ATGTGCATCCGACGCA-1
Other,ALL,TTGTCGTTCAGTTACC-1
Other,ALL,CGGGATCAATGTAAGA-1
Other,ALL,ATCGACTCTTTCCGTT-1
Other,ALL,TCCCGTCAGTCCCGCA-1
Other,ALL,TCCGATGACTGAGCTC-1
Other,ALL,CAGCCTCCTGCAGAGG-1
Other,ALL,ACGATACATAGAACTA-1
Other,ALL,AGCCACTCCCGTGCTT-1
Other,ALL,CTGTCAAATGGCTCGG-1
Other,ALL,ATCAGTAGGCAGGGAT-1
Other,ALL,TATCGATCTATGCATA-1
Other,ALL,CGACTCAGGATGTTAT-1
Other,ALL,GCCATATTGCACACAG-1
Other,ALL,AATTCATAAGGGATCT-1
Other,ALL,CGGTAGAGGTGCAGGT-1
Other,ALL,AATGATGATACGCTAT-1
Other,ALL,CTTGTGCTCACCGATT-1
Other,ALL,TTCCAATCAGAGCTAG-1
Other,ALL,AGTCGGCCCAAACGAC-1
Other,ALL,AACGTCAGACTAGTGG-1
Other,ALL,ACTACCAGCTCTCTGG-1
Other,ALL,GCAAGTGCACAGAGAA-1
Other,ALL,ACACCTTAAGTAGGGC-1
Other,ALL,TTCGACGGGAAGGGCG-1
Other,ALL,TTCGCACTCGCGTGCT-1
Other,ALL,TATTTGTTACCCTTTA-1
Other,ALL,CGCTGTGACGCCGCAC-1
Other,ALL,GTTGCACGGAGTTTCG-1
Other,ALL,GTTTCCTGGAGGGTGA-1
Other,ALL,ACACCCAGCATGCAGC-1
Other,ALL,TCAACCATGTTCGGGC-1
Other,ALL,TTACAACTACGCATCC-1
Other,ALL,TCCGATGGTGCGACAT-1
Other,ALL,GGGCGTACATTTATAT-1
Other,ALL,AGCGACCAACGATATT-1
Other,ALL,ACACAAAGACGGGTGG-1
Other,ALL,ATCGCACGCCGGGAGA-1
Other,ALL,GCTCTAAACCCTGACG-1
Other,ALL,AATGCAACCGGGTACC-1
Other,ALL,TCAAACAACCGCGTCG-1
Other,ALL,TATGCTCCCTACTTAC-1
Other,ALL,AAAGGGATGTAGCAAG-1
Other,ALL,ACGATCATACATAGAG-1
Other,ALL,TTGTTCAGTGTGCTAC-1
Other,ALL,ATGCATGATCCAGGAT-1
Other,ALL,GATTCCCTTGTCGCAG-1
Other,ALL,ACTCAATAAAGGCACG-1
Other,ALL,TAAGGCAACATAAGAT-1
Other,ALL,GGTTTACAATCTCAAT-1
Other,ALL,TGCAGGATCGGCAAAG-1
Other,ALL,ATAACGGAGTCCAACG-1
Other,ALL,AACGATATGTCAACTG-1
Other,ALL,GACAACGACCATTGAA-1
Other,ALL,TTGACCATGTTCTCCG-1
Other,ALL,CGCCATCCGATTATGA-1
Other,ALL,CCAGTCTAGACGGCGC-1
Other,ALL,TCGCTTTAAACGTTTG-1
Other,ALL,GTGAAACGGCGCCACC-1
Other,ALL,GGGCTCATCGAACCCA-1
Other,ALL,TTGATGTGTAGTCCCG-1
Other,ALL,CAGTAGCCCACGCGGT-1
Other,ALL,AGCGCGGGTGCCAATG-1
Other,ALL,TAATCGATCCGTACGT-1
Other,ALL,AGTGGCGGCAATTTGA-1
Other,ALL,CCTTTCAATGAAGAAA-1
Other,ALL,CTCAGTCACGACAAAT-1
Other,ALL,ATAGGCTAGCTTCGCA-1
Other,ALL,CGCAAACACGAGTTAC-1
Other,ALL,TGGCCGTATATTGACC-1
Other,ALL,ACTGTAGCACTTTGGA-1
Other,ALL,GCTCTATGTTACGTGC-1
Other,ALL,GATCGACACTATCTGA-1
Other,ALL,CCTACTGCTTACACTT-1
Other,ALL,CCTGCTATTTGAGAAG-1
Other,ALL,CGCGTTCATGAAATAC-1
Other,ALL,CATTATGCTTGTTGTG-1
Other,ALL,CCAGGGACGTGGCCTC-1
Other,ALL,TATGGATGTGCTACGC-1
Other,ALL,GTACTAAGATTTGGAG-1
Other,ALL,AGACCCGCCCTCCTCG-1
Other,ALL,CGCATTAGCTAATAGG-1
Other,ALL,GCTCTCGGGTACCGAA-1
Other,ALL,CACCGCCAGAAGGTTT-1
Other,ALL,TCCCAAAGACGAAGGA-1
Other,ALL,ATGGATTGACCAAACG-1
Other,ALL,GTCATGGACATGACTA-1
Other,ALL,CTACTGCCACCTGACC-1
Other,ALL,TTATATTTGGCAATCC-1
Other,ALL,AGCACCAGTACTCACG-1
Other,ALL,CATGGTCTAGATACCG-1
Other,ALL,TCTACCGTCCACAAGC-1
Other,ALL,CTAGTTGGGCCCGGTA-1
Other,ALL,TCCCGCGTACTCCTGG-1
Other,ALL,CAGAGCATGAGCTTGC-1
Other,ALL,ACACGGGAACTTAGGG-1
Other,ALL,GGCTCTGCTCCAACGC-1
Other,ALL,AGAACGTGGTACATTC-1
Other,ALL,CAATAAACCTTGGCCC-1
Other,ALL,ACTTCGCCATACGCAC-1
Other,ALL,ATCTGGTTAAGACTGT-1
Other,ALL,TCGTAAGACGACATTG-1
Other,ALL,GTGTACCTTGGCTACG-1
Other,ALL,CGGTCAAGTGGGAACC-1
Other,ALL,TTGTAAGGCCAGTTGG-1
Other,ALL,CGAGTTCTGTCCCACC-1
Other,ALL,AGGCAGATGCGTAAAC-1
Other,ALL,AAGGATGAGGGACCTC-1
Other,ALL,AGAGAACCGTCTAGGA-1
Other,ALL,GAGGGCGCAGCTCTGC-1
Other,ALL,AAGATTGGCGGAACGT-1
Other,ALL,CCAGTAGTCTGATCCA-1
Other,ALL,AAGGGACAGATTCTGT-1
Other,ALL,ATAGAGTTATCAACTT-1
Other,ALL,AAATTACCTATCGATG-1
Other,ALL,GATCCTAAATCGGGAC-1
Other,ALL,TTACAGACCTAAATGA-1
Other,ALL,CCTCACCTTAGCATCG-1
Other,ALL,CATGCGACCAGTTTAA-1
Other,ALL,ACAAGGACAAGAGGTT-1
Other,ALL,AGGCCACCCGTTATGA-1
Other,ALL,GTGGGCTTAGACACAC-1
Other,ALL,CCTGGCTAGACCCGCC-1
Other,ALL,TCGAAATTTAGGACCA-1
Other,ALL,AGACTAGCCTTCCAGA-1
Other,ALL,TTGATCTAACTTTGTC-1
Other,ALL,AAGGAGCGGTTGGTGC-1
Other,ALL,ACTTGGGACCCGGTGG-1
Other,ALL,TGATCTCCGGCGCCAG-1
Other,ALL,CAGTTCAAATTGACAC-1
Other,ALL,GTCCGGCTGAATTGCG-1
Other,ALL,CTGGAAATGGATGCTT-1
Other,ALL,TGATCGGTTTGACCCT-1
Other,ALL,TAGAGTCTAAGCGAAC-1
Other,ALL,GAGACTGATGGGTAGA-1
Other,ALL,TAGCTAAGTCCGGGAG-1
Other,ALL,GGGCGATATGTGTGAA-1
Other,ALL,CTCGAGGTCGAACAGT-1
Other,ALL,GATCCCTTTATACTGC-1
Other,ALL,GTCATGCACCTCCGTT-1
Other,ALL,ACTTTCCTATAGCTTC-1
Other,ALL,TCGCTCGATATATTCC-1
Other,ALL,ATAGGTTGGGCAGATG-1
Other,ALL,CAATTAAGGGTGATGA-1
Other,ALL,ACCGACTGAGTCCCAC-1
Other,ALL,CCTGTCACCCGGGCTC-1
Other,ALL,GATCGGTGGCCATAAC-1
Other,ALL,CCTATGGGTTACCGTC-1
Other,ALL,TTGGGACACTGCCCGC-1
Other,ALL,CGAGGCTAAATATGGC-1
Other,ALL,TCAGGGTGTAACGTAA-1
Other,ALL,CGAGAGATGTGAACCT-1
Other,ALL,TCGCTGGGCGGATTGT-1
Other,ALL,AGATCTCAGGTGTGAT-1
Other,ALL,CAGCAGCCCGTTCCTT-1
Other,ALL,TGTGGCAAAGCGTATG-1
Other,ALL,TAAAGCGTTAGGAGAA-1
Other,ALL,TCCGTTTAGCCTTGAA-1
Other,ALL,CAGCTCGACAAGTTAA-1
Other,ALL,GCCTATAGTGTCAGGG-1
Other,ALL,ATAGACAACGGGACCT-1
Other,ALL,CTACTATCTTTCAGAG-1
Other,ALL,GCGCTGCTTTGCATTT-1
Other,ALL,GCGCATCCAGTCAGCA-1
Other,ALL,GACTCGCGGGAATGAC-1
Other,ALL,CTGGTAACGAGCTCTT-1
Other,ALL,TCCGGCCTAGCGTACA-1
Other,ALL,TCCACAATGGTTTACG-1
Other,ALL,CCAACGATGCACTGAT-1
Other,ALL,ATTTACAGTTTACTGG-1
Other,ALL,CCCTGAAATGAGTTGA-1
Other,ALL,TGATTCGTCTATCACT-1
Other,ALL,TCAGGTTCTTTGAGAA-1
Other,ALL,CACGCAGCGAGGCTTT-1
Other,ALL,TTAAGCGCCTGACCCA-1
Other,ALL,CTTACACGGTATTCCA-1
Other,ALL,AAGGCTGTGCTCATCG-1
Other,ALL,GACCAGAGCCCTGTAG-1
Other,ALL,TCCCAGGCTTAGCTAA-1
Other,ALL,ATTGAAGATCTTAGTG-1
Other,ALL,AGTTCCTACAGAATTA-1
Other,ALL,GGGCTGGTTAGTCGCG-1
Other,ALL,GAAATGGCGGTGTTAG-1
Other,ALL,TACGAACACGACTTCA-1
Other,ALL,ACCACAAGTTTCTATC-1
Other,ALL,ATATTTAACCCTCAAG-1
Other,ALL,GATCATTCCAAACATT-1
Other,ALL,TCCAGGCGAGTACGGT-1
Other,ALL,GTTTGACCAAATCCTA-1
Other,ALL,CACAGCACCCACGGCA-1
Other,ALL,TGCAAGAATGACGTAA-1
Other,ALL,GCGAAGCCATACCCGT-1
Other,ALL,TCCTTTCTTACGCTTA-1
Other,ALL,GCTGCTCTCCGGACAC-1
Other,ALL,ACTGTCTTCTTTAGAA-1
Other,ALL,TCAAACTTAGATTGTT-1
Other,ALL,CTATGTCACTAGCCCA-1
Other,ALL,TGCGCAAAGCATTTGG-1
Other,ALL,TTAATGTAGACCAGGT-1
Other,ALL,GGCGGTAGGATCATTG-1
Other,ALL,GGCAATAGTCAATGAG-1
Other,ALL,ACACGAGACTCCTTCT-1
Other,ALL,GACACAAGGGAAGAAA-1
Other,ALL,GAGATCTGTCACTCCG-1
Other,ALL,ATGCCGGTCTTGCATA-1
Other,ALL,TTGGGCGGCGGTTGCC-1
Other,ALL,TTGTTGTGTGTCAAGA-1
Other,ALL,ACTGTACGATACACAT-1
Other,ALL,TCCACTTTATCTAGGT-1
Other,ALL,TAGAAAGGTGGCGCTA-1
Other,ALL,AGGGTTCCCTTTGGTT-1
Other,ALL,GTAGCTTCCTCTTGTT-1
Other,ALL,GCATGAGGGACGCGGC-1
Other,ALL,CTACCCTAAGGTCATA-1
Other,ALL,TCACCGCTCGGCACTC-1
Other,ALL,GGCTCGCGTTGAGGTA-1
Other,ALL,CTAACGAAACTTGCTG-1
Other,ALL,TTAAACTCGAATTCAT-1
Other,ALL,TACTTTACTGAGCCGG-1
Other,ALL,GCTTGGATCGATTAGG-1
Other,ALL,CGGTTATCCAACAGTG-1
Other,ALL,CAGACCTGTAAGTGTT-1
Other,ALL,CCTCCGACAATTCAAG-1
Other,ALL,GTTCACAGGAGTCTAG-1
Other,ALL,CGAAGTTGCTCTGTGT-1
Other,ALL,GTCGGATATCTCAGAC-1
Other,ALL,CGCTCTCCGTAGATTA-1
Other,ALL,CAAGCAACGTCGGAGT-1
Other,ALL,CCATTCCCTGCCCACA-1
Other,ALL,CTTTGGCTTTAGTAAA-1
Other,ALL,GGCTATTAAGTTGTAT-1
Other,ALL,CCATTAGCGATAATCC-1
Other,ALL,TGTTCTTCCATTGACT-1
Other,ALL,AGATAACTTCAGGGCC-1
Other,ALL,ATAGACGAAGAGAAAG-1
Other,ALL,GGCGGAGTAATATTAG-1
Other,ALL,TGACCCACGTTAGACA-1
Other,ALL,TCACAGGTTATTGGGC-1
Other,ALL,TCACGCATTGTAGATC-1
Other,ALL,TTGAAGAATTCCCAGG-1
Other,ALL,AAATGGTCAATGTGCC-1
Other,ALL,TAGTGCCCTCCAGAGT-1
Other,ALL,GGTATTGCCGAGTTTA-1
Other,ALL,CGTATTAAGAGATCTA-1
Other,ALL,ACTGTCCAGGATTATA-1
Other,ALL,CGGGCAGCTAAACCGC-1
Other,ALL,TTGCTGATCATGTTCG-1
Other,ALL,TATGGGTACGTATCGT-1
Other,ALL,CAGCTCACTGAGACAT-1
Other,ALL,GGGACTGCATAGATAG-1
Other,ALL,ACGCATTCGTGAGTAC-1
Other,ALL,CTCTGGACGCCTGGTG-1
Other,ALL,AGGGTTTAGTTCGGGA-1
Other,ALL,GGGAGAACTCACAGTA-1
Other,ALL,TCTTCGATACCAATAA-1
Other,ALL,ACGTAGATTGCTGATG-1
Other,ALL,TCTTGATGCGTAGCGA-1
Other,ALL,GGGCTGCCTAGGGCGA-1
Other,ALL,CTCTCACAATCGATGA-1
Other,ALL,GGGAGTTAATGAGGCG-1
Other,ALL,CCGGGCGGTCTCGTCA-1
Other,ALL,CCGTAAGTTGGTCCCA-1
Other,ALL,GGAGGGCTTGGTTGGC-1
Other,ALL,GGAATGCGCTAGCGTG-1
Other,ALL,GTTGGATTGAGAACAC-1
Other,ALL,CACACGCGCTGTCTTA-1
Other,ALL,TAGACGCCCGTACCGG-1
Other,ALL,GGTTTCAATCGGTCAG-1
Other,ALL,AATCTGCGTTGGGACG-1
Other,ALL,TTACGGATGGTTCGAG-1
Other,ALL,CGGCAGGGTCGGGTTG-1
Other,ALL,GCTTTCAGAGGAGGTG-1
Other,ALL,TCTTCCCATGGGCACA-1
Other,ALL,TACCGCGGACTTGCAG-1
Other,ALL,AGAATTATGGATTCGA-1
Other,ALL,ATTGATGAGTCCTAAC-1
Other,ALL,ATACCACGGGCAACTT-1
Other,ALL,TGTAGTGATCTATAAT-1
Other,ALL,TCCCGGGTGTGCTGCT-1
Other,ALL,TACGATGTTGATCATC-1
Other,ALL,CCTCTCTCCCATCTAG-1
Other,ALL,GCAGGACTATAGAATA-1
Other,ALL,CTAGTGAAGGACAGGA-1
Other,ALL,TACGAGAACTTCACGT-1
Other,ALL,CGTTGTTTCAATTCCC-1
Other,ALL,GCAAATATTACGCTTT-1
Other,ALL,CCAATAGTGCCGTCGA-1
Other,ALL,ATTGCTGCTCCTCCAT-1
Other,ALL,GAGATCTGCTTGGCAT-1
Other,ALL,GCCGAAATTCCTACGT-1
Other,ALL,GGCACTCCACTGGGCA-1
Other,ALL,GGGTCACCGTGACGGT-1
Other,ALL,CACTTAATCAGACGGA-1
Other,ALL,CGTTTCGCTCATTACA-1
Other,ALL,ATAAAGGCTCGGTCGT-1
Other,ALL,CACTAAAGTTGCCTAT-1
Other,ALL,GTGCTCAAGTACTGTC-1
Other,ALL,CCATGCCTGTTTAGTA-1
Other,ALL,TCTAGTTATCAGAAGA-1
Other,ALL,TTGTAATCCGTACTCG-1
Other,ALL,TCCCAGCTTTAGTCTG-1
Other,ALL,CTACGCACGGAGTACC-1
Other,ALL,AAATTAACGGGTAGCT-1
Other,ALL,CGGCCACGCACAAAGT-1
Other,ALL,GAAGCGTGAGGAATTT-1
Other,ALL,ATATCTTAGGGCCTTC-1
Other,ALL,ACGCGGGCCAAGGACA-1
Other,ALL,TATTCGTGCCAGAATA-1
Other,ALL,GAATTATAGTGAAAGG-1
Other,ALL,CTATCGGGTCTCAACA-1
Other,ALL,GCGCTAATTGAATAGA-1
Other,ALL,TTCAAAGTCTCTAGCC-1
Other,ALL,TTGAATATGGACTTTC-1
Other,ALL,AAGAGCTCTTTATCGG-1
Other,ALL,CCCAAACATGCTGCTC-1
Other,ALL,GCTTATGAAGCAGGAA-1
Other,ALL,TTCTAACCGAAGCTTA-1
Other,ALL,GGATGTCCTTACCGCA-1
Other,ALL,AGGGTGCTCTCGAGGG-1
Other,ALL,AACTCTCAATAGAGCG-1
Other,ALL,TCTGAATTCCGTACAA-1
Other,ALL,GCGTGGTACTGGGTTA-1
Other,ALL,CGTCGGATAGTGTTGA-1
Other,ALL,ATATGTCTCCCTAGCC-1
Other,ALL,TCTTTAAGACTATGAA-1
Other,ALL,TCATTTAAGTCTCCGA-1
Other,ALL,GGCGCAGGACATCTTC-1
Other,ALL,GTACTCCCTTATCGCT-1
Other,ALL,TGGTCTGTTGGGCGTA-1
Other,ALL,AATAACAACGCTCGGC-1
Other,ALL,CATACCCGTACCCAGT-1
Other,ALL,ACAATCCATTTAAACC-1
Other,ALL,GTTACAATTGGTGACG-1
Other,ALL,TTGCCCTGATCACGGG-1
Other,ALL,CTAACCGCGCGCCCGT-1
Other,ALL,CTAAAGAATGCCTACT-1
Other,ALL,ACCCATCTTGAGGGTA-1
Other,ALL,GATCTTTGCAGGGTAT-1
Other,ALL,GGGTACTTCATGAACT-1
Other,ALL,GCCGCTTGTGAGAAAC-1
Other,ALL,CCTGTAAGACATGATA-1
Other,ALL,CGACAGTTCGCGTTAT-1
Other,ALL,ACGATGCATATGTTAT-1
Other,ALL,TGTTCCGCTTCCATGA-1
Other,ALL,GGATGACGCGAGTTTA-1
Other,ALL,GAAGTTTCCACTCAAT-1
Other,ALL,GCGAGGCCCGAGCAGA-1
Other,ALL,CATACTATGTAATTGT-1
Other,ALL,CCAATGTCACAGCAAG-1
Other,ALL,GTTGGATTTGCGTTGG-1
Other,ALL,GGGAGGATGCCCGAAA-1
Other,ALL,GATCGCGGGCTCTCCA-1
Other,ALL,GTTCGCCATAAGTGCC-1
Other,ALL,AGATTATAGGACGTTT-1
Other,ALL,TCGAGACCAACACCGT-1
Other,ALL,TATGGGACCGAGCAGG-1
Other,ALL,GATGCGTCCTGCATTC-1
Other,ALL,TATGGTCTGAGTAACA-1
Other,ALL,CTTCATTGTCAGTGGA-1
Other,ALL,GCAGATTAGGGATATC-1
Other,ALL,CAATTTCGTATAAGGG-1
Other,ALL,CTAGTCACGTCTTAAG-1
Other,ALL,ACTCTTGTATAGTAAC-1
Other,ALL,ATTAGGCGATGCTTTC-1
Other,ALL,AACGTGCGAAAGTCTC-1
Other,ALL,CCACCCAAGGAAAGTG-1
Other,ALL,CCGCACAAAGACCAAC-1
Other,ALL,GCGATTGTTAACGTTA-1
Other,ALL,ACTCGTCAGTAATCCC-1
Other,ALL,GGTGATAAGGAGCAGT-1
Other,ALL,CACGTTCGTGCTCTAG-1
Other,ALL,CCTAGGCGTAGCGATC-1
Other,ALL,CTGGCGCACAGGTCTG-1
Other,ALL,ACTTATACTTACCCGG-1
Other,ALL,GAAGTCTCCCTAGCGA-1
Other,ALL,ACCGATGGTAGCATCG-1
Other,ALL,CGAGTTTATCGGACTG-1
Other,ALL,CATAACGGACAGTCGT-1
Other,ALL,TGACGATGCACTAGAA-1
Other,ALL,TAGGGAGCTTGGGATG-1
Other,ALL,AGGGTCGATGCGAACT-1
Other,ALL,TATATCCCTGGGAGGA-1
Other,ALL,CATCTTACACCACCTC-1
Other,ALL,TCAACGCGACCGGCAG-1
Other,ALL,CTACGACTAGCTATAA-1
Other,ALL,CGGTTGACCTGGCATA-1
Other,ALL,ATCCTGAATCGCTGCG-1
Other,ALL,GTTTCATATCGTCGCT-1
Other,ALL,ATAAATATTAGCAGCT-1
Other,ALL,AAGAGGATGTACGCGA-1
Other,ALL,TCCTGCGTTGATACTC-1
Other,ALL,CGTGCATTGTCGACGC-1
Other,ALL,CCGGGTTCGAGGTTAC-1
Other,ALL,CCCAATTTCACAACTT-1
Other,ALL,TGATTTATTAGCTGTG-1
Other,ALL,TGGAAGAAGGGAACGT-1
Other,ALL,GACGCTTGCTTCTAAA-1
Other,ALL,GGGAACGGGAGGTTAG-1
Other,ALL,GCGGCTCTGACGTACC-1
Other,ALL,ACGTTAGATTTGCCCG-1
Other,ALL,GAGAGGGCGCGAGGTT-1
Other,ALL,GCGTCTCTGCATTGGG-1
Other,ALL,GCAGCACACAGCCCAG-1
Other,ALL,CAGGCCGTTTGGGTGT-1
Other,ALL,AACTCAAGTTAATTGC-1
Other,ALL,CTTCGTAGATAGGTGA-1
Other,ALL,TGCAGAGTACCGAGCA-1
Other,ALL,GAAGTGATTTATCGTG-1
Other,ALL,CGCTACGGGACATTTA-1
Other,ALL,CCACACTGAGATATTA-1
Other,ALL,CGATCCGACCCAGTGC-1
Other,ALL,CTGTACTTCTTAGCAT-1
Other,ALL,ACTTATTAGGATCGGT-1
Other,ALL,TAGTCCGCAGAGAATG-1
Other,ALL,TTCACGAAAGGATCAC-1
Other,ALL,TACATTTCTAACGTGC-1
Other,ALL,ACCATATCCGCAATAA-1
Other,ALL,CACTCAAGAGCTATGG-1
Other,ALL,TGTACGAACAAATCCG-1
Other,ALL,ATCATCCAATATTTGT-1
Other,ALL,GTAGCGGCTATACACT-1
Other,ALL,TAACATACAATGTGGG-1
Other,ALL,TTATATACGCTGTCAC-1
Other,ALL,GTCGCGTAACCCGTTG-1
Other,ALL,AGCTCTAGACGTTCCA-1
Other,ALL,CGAGGGACTGCGGTCG-1
Other,ALL,AATCGCCTCAGCGCCA-1
Other,ALL,TTATGATCTTAACGAA-1
Other,ALL,GTGCCCGTTCGGATTC-1
Other,ALL,AGAAGAGCGCCGTTCC-1
Other,ALL,GATAACTCGCACTGTG-1
Other,ALL,AGTCGACGGTCTCAAG-1
Other,ALL,GTGACCGCACACTACG-1
Other,ALL,GTATGTGGGTCTAGTT-1
Other,ALL,CTTGAGTTAGGGTAAT-1
Other,ALL,TTAGCTGATTTGCCGT-1
Other,ALL,GCTGTTGCTACCGAAC-1
Other,ALL,TATTACCATCCTGCTT-1
Other,ALL,TTGAATTCACGTGAGG-1
Other,ALL,CCATCTCACCAGTGAA-1
Other,ALL,CGCACGTGCGCTATCA-1
Other,ALL,GCATTGTAATTCATAT-1
Other,ALL,CCGTTCCGAATCTCGG-1
Other,ALL,AGCTTGATCTTAACTT-1
Other,ALL,CCTGTACTCACGCCCA-1
Other,ALL,AAGTGACGACCGAATT-1
Other,ALL,CTCACTTGGCTGGTAA-1
Other,ALL,CGCCTGGCCTACGTAA-1
Other,ALL,CCCGTAAGTCTAGGCC-1
Other,ALL,TTGGACATGTGGCTTA-1
Other,ALL,ATTACGCGCTGGCAGG-1
Other,ALL,ACGCGCTACACAGGGT-1
Other,ALL,TACGTTTACCGGCAAT-1
Other,ALL,CGAAACGCAATTCATG-1
Other,ALL,TAGTCTAACAACGAGA-1
Other,ALL,TTGCATGCTGATCACG-1
Other,ALL,TCTGGGTAGCGCTCAT-1
Other,ALL,ACATCGGTCAGCCGCG-1
Other,ALL,AGATACCGGTGTTCAC-1
Other,ALL,GATTACTGAATTTGGG-1
Other,ALL,TCCAACTTTAAATTCT-1
Other,ALL,TCCTAGCAAAGAAGCT-1
Other,ALL,GTCTATCTGAGTTTCT-1
Other,ALL,GATGTTCAATCCACGA-1
Other,ALL,AGTTAAACACTTGCGA-1
Other,ALL,AGCTCTTTACTCAGTT-1
Other,ALL,ATCCAGGATTCGTGAA-1
Other,ALL,AGTCAACACCACCATC-1
Other,ALL,CGATACCTCGCGGACA-1
Other,ALL,TACAACGCACAACTCA-1
Other,ALL,AATTAAAGGTCGGCGT-1
Other,ALL,TACGCAGTTCTTTCCT-1
Other,ALL,GACCGTGCTGACGGTG-1
Other,ALL,GGCAAATTACTTTACT-1
Other,ALL,GGTACAAACATGCTAT-1
Other,ALL,CGGGCCTTCTTTGTAA-1
Other,ALL,CGTGAAGTTAATTCAC-1
Other,ALL,ATAGTGAAGCGTTCTC-1
Other,ALL,TACGCCATATTCTAAT-1
Other,ALL,GCCGGGTTAGGGTCGC-1
Other,ALL,TACATAGGCATACACC-1
Other,ALL,GCCGATTGGCCAAGCT-1
Other,ALL,TTATGAATGAAAGGGA-1
Other,ALL,AGGTTTCACACACCTT-1
Other,ALL,CAAGGATCGCATGTTC-1
Other,ALL,ACGTTAATGTCGAAGA-1
Other,ALL,GATTCGACGGTTCACG-1
Other,ALL,GTTTCTGCAGTCTCCC-1
Other,ALL,GCTGCACGGTTTCTTA-1
Other,ALL,CGTGCAGACTGGGACA-1
Other,ALL,GTGTTACTATGCGTCC-1
Other,ALL,CCTCGGACCGGGATAG-1
Other,ALL,TCGGGCCGTCGTGGTA-1
Other,ALL,AGTGCTTGCACGAATA-1
Other,ALL,TGCAGTTTCCTCCCAT-1
Other,ALL,TGAGAGATTTACCACG-1
Other,ALL,GAAACAGATGACCACC-1
Other,ALL,AGCAACATATCTTATT-1
Other,ALL,CAAGTGTGGTTGCAAA-1
Other,ALL,GCCTCATCTGGAAATA-1
Other,ALL,AACCCTACTGTCAATA-1
Other,ALL,ACGTATTACTCCGATC-1
Other,ALL,TCTGGGAACCTTTGAA-1
Other,ALL,GCTCGCTCATGTCCAA-1
Other,ALL,GCGCAAGAGCGCGCTG-1
Other,ALL,TTGACGCTCCATGAGC-1
Other,ALL,TGCCAAAGTCAGACTT-1
Other,ALL,CATGCCAACTCGCAAA-1
Other,ALL,TGCAGAACTATATCGT-1
Other,ALL,TCGTGTCACGCTGACA-1
Other,ALL,TGATCAGGGAACTGCT-1
Other,ALL,CTTGCAACCGCCTCCT-1
Other,ALL,AGCCCATACATGTAAG-1
Other,ALL,ATCCAATGGAGGGTCC-1
Other,ALL,AAACCGGGTAGGTACC-1
Other,ALL,GCAACCACGGCCGCGT-1
Other,ALL,CGCTTATTCCCGGTCG-1
Other,ALL,TTACTCTGGTACGTAC-1
Other,ALL,GTGGTTTCCGCCTTTC-1
Other,ALL,ATAGGCGGCTATAGAA-1
Other,ALL,GTGCCATCACACGGTG-1
Other,ALL,CCCAACATACGTCGCG-1
Other,ALL,CGGTGCAGATAGAACG-1
Other,ALL,GGGCGGGTTCCCTACG-1
Other,ALL,TGAGCCATACAGTCTC-1
Other,ALL,CTCCGCCCACATGAGG-1
Other,ALL,GTTGAACCGGTTCCAT-1
Other,ALL,TTGACTACCATATGGT-1
Other,ALL,ACCATCGTATATGGTA-1
Other,ALL,TGCGTAAGAACCTGAT-1
Other,ALL,AGAAGGTTGCCGAATT-1
Other,ALL,AGGACGACCCATTAGA-1
Other,ALL,GGTGCTGGTACACATT-1
Other,ALL,GCGCTATGCCGAGGCA-1
Other,ALL,ACCCGGTTACACTTCC-1
Other,ALL,TAACTCATCCGCGCGG-1
Other,ALL,CACAATGAGCTGCTAT-1
Other,ALL,GTTACTTTGGGCCTAG-1
Other,ALL,GGGCCCGTCTTAAACA-1
Other,ALL,GAAATTGTCTCTATAA-1
Other,ALL,GGCGCATGAATTGATG-1
Other,ALL,CATATAGGTACAGTCA-1
Other,ALL,TCAACGAGGAGACAAA-1
Other,ALL,TTGCACAATTCAGAAA-1
Other,ALL,CATCGGACGGGTTAAT-1
Other,ALL,ATTAAACATGCGGACC-1
Other,ALL,TATCTACCACAGCGGG-1
Other,ALL,CGAGACCCTAGAGTGT-1
Other,ALL,ACATCGATCGTTTACC-1
Other,ALL,ATCGACCCAATACAGA-1
Other,ALL,GAATCTGAACATTCTC-1
Other,ALL,AGTTCCTATTTATGTT-1
Other,ALL,CAGTCTGTATACTGGG-1
Other,ALL,GGAGACGACACCTTTG-1
Other,ALL,CCTAAATTAACGGTTC-1
Other,ALL,ACTTGACTCCCTCTTT-1
Other,ALL,CTAGATTTACGACGGC-1
Other,ALL,AGGACAGTCGAATCCC-1
Other,ALL,GGCGAAATCTAACTTG-1
Other,ALL,CTGGTAACACATAGAA-1
Other,ALL,TAGCCATTTCAAAGTC-1
Other,ALL,GGGATTTACCGCACCT-1
Other,ALL,ATGCCATTTGCGACCA-1
Other,ALL,GAATAGACGCGACCCA-1
Other,ALL,TGTATGGCGCAGACAG-1
Other,ALL,GGATGAAGATCGCTGA-1
Other,ALL,CGACAATTTGATCTAA-1
Other,ALL,AAAGTTGACTCCCGTA-1
Other,ALL,CGCGGCTCAACTTGAA-1
Other,ALL,CACGCGGAACTGTTGC-1
Other,ALL,TCTTAGAGTGAACTCT-1
Other,ALL,AGTCCATTGGCTGATG-1
Other,ALL,TTAAGATAGGATTGAC-1
Other,ALL,ACATCCTGGTAACTGT-1
Other,ALL,CACCTTGGCGCCTTTG-1
Other,ALL,AAACTTGCAAACGTAT-1
Other,ALL,AGGGCGAGCAGCTGAT-1
Other,ALL,AACACGAGACGCGGCC-1
Other,ALL,TGACGAATATTTCCCT-1
Other,ALL,TCGGAGAGTATCGGGA-1
Other,ALL,CAAATCTCTCACAAGG-1
Other,ALL,AGGCCCTAGAACGCCA-1
Other,ALL,TAGAGATCATGCAACT-1
Other,ALL,TTGTTTCCATACAACT-1
Other,ALL,GAGAGGTGCATTCTGG-1
Other,ALL,GTGGACCAACCCGATT-1
Other,ALL,CTGGGCCTGCTATATC-1
Other,ALL,CATAGTCCACAAGAAC-1
Other,ALL,TTGACATGAACGTGGA-1
Other,ALL,GGTTACCACCCTCGGG-1
Other,ALL,TACCGGTCGTTTCCAT-1
Other,ALL,CGAGTACTAAAGAGGA-1
Other,ALL,GCAAGAATTCCTTGGC-1
Other,ALL,TCGCCGAAGTTGCGTC-1
Other,ALL,TTGAGAGTACTGCTAA-1
Other,ALL,ATCAGACGGCACGCCG-1
Other,ALL,GTGCCGCTTCAAAGGT-1
Other,ALL,GATACGATGGGAGTCA-1
Other,ALL,GACACTGAGTTCAGTG-1
Other,ALL,ATCCTGCGTGGAATGG-1
Other,ALL,ATCCTACCTAAGCTCT-1
Other,ALL,AGTGATATGAGTAGTT-1
Other,ALL,ATGATGCAATGGTACA-1
Other,ALL,GAAACCGAATTACCTT-1
Other,ALL,AGTGACCTACTTTACG-1
Other,ALL,CAAATGTCCTTCCGTG-1
Other,ALL,TTACTGGGATATTTCA-1
Other,ALL,CTTGCCCAGGCTCTAC-1
Other,ALL,AAATCGTGTACCACAA-1
Other,ALL,GTGATCATAGATCTGC-1
Other,ALL,TGGCAGATTACGATCA-1
Other,ALL,TCACCCTCTTAAGATT-1
Other,ALL,CAGGATATATCGTTGT-1
Other,ALL,CCTGACCACCGATGGT-1
Other,ALL,CTAAAGGGAAATAGGA-1
Other,ALL,CCGCTATCAGCACCAG-1
Other,ALL,CTTTAGTGCTATTATT-1
Other,ALL,CGGGAATTTATGTAAA-1
Other,ALL,AAACTGCTGGCTCCAA-1
Other,ALL,GTACGTTTGCCCGTCA-1
Other,ALL,CGTTGAGCGACCGTCG-1
Other,ALL,TGCCCGTACCGTTAAA-1
Other,ALL,GAGTGTGCGGTACCCA-1
Other,ALL,CAAGATATTATAACGT-1
Other,ALL,ACACACCAGGACCAGT-1
Other,ALL,ATGGGCCTCGGCCTCT-1
Other,ALL,AAGGTGATAAACCAGC-1
Other,ALL,TCTTACTTATGCCTCT-1
Other,ALL,AAAGTGTGATTTATCT-1
Other,ALL,TGCTCCACAGTTCTTA-1
Other,ALL,CTGGCTGATTCATCCT-1
Other,ALL,TAAGGCTGAATCCCTC-1
Other,ALL,TCTAGTGATATCGTGG-1
Other,ALL,TCGAAGAACCGAGCAC-1
Other,ALL,GACAAACATATGCAGG-1
Other,ALL,AAGTCAATTGTCGTCA-1
Other,ALL,AGTGAACAAACTTCTC-1
Other,ALL,CATGATGGAAGTTAGC-1
Other,ALL,AAGTGCCTTGACTGTA-1
Other,ALL,ACTCCCATTCCTAAAG-1
Other,ALL,ACCTGCGTGTCATGTT-1
Other,ALL,TACTTTCCGCACGCCA-1
Other,ALL,AGGTCAGGTGAGAGTG-1
Other,ALL,TCCTCCTAAGACATTC-1
Other,ALL,ATGTGAAAGCCTAATG-1
Other,ALL,AGTCGGCTCAACTTTA-1
Other,ALL,CGATCTGTTGGAGGAC-1
Other,ALL,ACGGGAGTGTCGGCCC-1
Other,ALL,TTAACTTCAGGTAGGA-1
Other,ALL,CCACGGAGCCATAAGA-1
Other,ALL,CTTCTATGTTGAAGTA-1
Other,ALL,CACCGTTGCGCGATAT-1
Other,ALL,TCTAGCAATCTCCGCC-1
Other,ALL,AGTTTGGCCAGACCTA-1
Other,ALL,TTGTAAGGACCTAAGT-1
Other,ALL,AAATTTGCGGGTGTGG-1
Other,ALL,AAGTTCGGCCAACAGG-1
Other,ALL,CCGCTTACCTCACTCT-1
Other,ALL,ATCACGTGCTAATTAA-1
Other,ALL,GGTGAAGTACAGGGAT-1
Other,ALL,TTCTTGAGCCGCGCTA-1
Other,ALL,GGGATGGTCGTAACCG-1
Other,ALL,GTCTGGGCGGTCGAGA-1
Other,ALL,CGGAACGTAAACATAG-1
Other,ALL,TGCGACACCCTAGTGC-1
Other,ALL,CAAACGAGTATCGCAG-1
Other,ALL,TCAGTAGGGACTATAA-1
Other,ALL,GCGGTTCCCTATCATG-1
Other,ALL,GTGACTTCAGTAGTGC-1
Other,ALL,CGTCACGTCCATTGGT-1
Other,ALL,ATAAGTTACCGCGACG-1
Other,ALL,CTGAATCCGAGACCTC-1
Other,ALL,TACGACGCTTGCTGCG-1
Other,ALL,GAATTCACCCGGGTGT-1
Other,ALL,GGGTGACACCTTAACT-1
Other,ALL,TGAGTAAATTAGCGTA-1
Other,ALL,GAGTCCGCTTACCGGA-1
Other,ALL,GGCGCGTTCGAGTTTA-1
Other,ALL,ATTCATATACTGTCCA-1
Other,ALL,ATAAACGGACCCGTAA-1
Other,ALL,GTCGTACCATCTCGGG-1
Other,ALL,ATAATAGCTGTTGAAT-1
Other,ALL,TTCCGCGTGAGGCGAT-1
Other,ALL,TACCGGCTCACTGCCC-1
Other,ALL,GTATCTTTCATAACCA-1
Other,ALL,GTTACCTACAACTTGC-1
Other,ALL,TGACTATAATCCTTTC-1
Other,ALL,CAAGAGGGCGGAGTAC-1
Other,ALL,TCGCAAAGATGCATTT-1
Other,ALL,TTAGAGTTTAGAAGGA-1
Other,ALL,CTGGTTTCGAGCAAGA-1
Other,ALL,TGGGCCCATACTAATT-1
Other,ALL,ACTTATTTATGTGCCA-1
Other,ALL,TTAGTTATTCGTGGCA-1
Other,ALL,AACCGCTAAGGGATGC-1
Other,ALL,ATACGTCCACTCCTGT-1
Other,ALL,CGACACGCTCCGACAG-1
Other,ALL,TCTGAACTCGTACCCG-1
Other,ALL,AGGATATAGGGATTTA-1
Other,ALL,GTGATCACTAACGCCT-1
Other,ALL,ACCGGGCCTTTGTTGA-1
Other,ALL,TTGACAGGAGCTCCCG-1
Other,ALL,CTCTTCTATTGACTGG-1
Other,ALL,CGTGGCCGAATATCTA-1
Other,ALL,GGTTTAGCCTTTCTTG-1
Other,ALL,TCAAGGTTACTACACC-1
Other,ALL,TTGACTATTGTCCGGC-1
Other,ALL,CAGTACCAGTTTACGT-1
Other,ALL,GGTCGTAAGCTCGCAC-1
Other,ALL,CGTTCATGGTGCGCGT-1
Other,ALL,GACTACAAAGCGGTGG-1
Other,ALL,CAGCTGGCGTAACCGT-1
Other,ALL,ACTCGTAACCCGTCCT-1
Other,ALL,CATATGTCAGGCTACG-1
Other,ALL,GCCCGACTTCTTCCCG-1
Other,ALL,CTGGCATCCGAATGAG-1
Other,ALL,AAGTGCGTTAGAATCT-1
Other,ALL,AGAAGTGATTCGTGAT-1
Other,ALL,TACCTTAAGATTTCCC-1
Other,ALL,AATGACAGCAATGTCT-1
Other,ALL,TCAACGCAGGAAATAA-1
Other,ALL,TATTCCTCCGCCCACT-1
Other,ALL,ATCAAACGAAGGTTTG-1
Other,ALL,TTGATTAGCTGTTTCT-1
Other,ALL,CTGCTGAGGCCACGAA-1
Other,ALL,CCGTGTTAAATTCCAT-1
Other,ALL,CACGTCGGCAACCTCT-1
Other,ALL,CGGTGCGCGTTGGTCC-1
Other,ALL,GTGATTCGCCGCTCAA-1
Other,ALL,GCCCGCGCGTAAACGG-1
Other,ALL,AACGTACTGTGGGTAC-1
Other,ALL,GAGTATGCCCGCCTTG-1
Other,ALL,TGATTCTGTCGCCGGT-1
Other,ALL,GGGCGGCAAATGAATT-1
Other,ALL,TTCCAATCTGGCTATC-1
Other,ALL,GGAACCGTGTAAATTG-1
Other,ALL,TTGGTCACACTCGTAA-1
Other,ALL,CGAACCCGCATGCGTC-1
Other,ALL,GGGCGTCACCACGTAA-1
Other,ALL,TACCAGAAGTAGGTTC-1
Other,ALL,TTGGATATCGTCTACG-1
Other,ALL,TAGATATGGACTGGAA-1
Other,ALL,GCGACGATAGTTGTAC-1
Other,ALL,CTGGATTTACACTTGA-1
Other,ALL,GTTATATTATCTCCCT-1
Other,ALL,TATTCCACTCAGCTCG-1
Other,ALL,CTGTTACCCAATCTAG-1
Other,ALL,ACGCGAAGTCAGACGA-1
Other,ALL,GATAGGTAACGTTGAC-1
Other,ALL,TGTTCGTATTGCGGTG-1
Other,ALL,GGTCAGTGGGTCCCAC-1
Other,ALL,AATTCTAGAGTTAGGC-1
Other,ALL,GTTTACGTTCCATCTG-1
Other,ALL,AGACCCACCGCTGATC-1
Other,ALL,TCTAGCATGCCCAGAA-1
Other,ALL,CCCGCAGCGCGAACTA-1
Other,ALL,CTCTATTTGGCTGCAG-1
Other,ALL,ACAAGGAAATCCGCCC-1
Other,ALL,AGTCAAGATGACACTT-1
Other,ALL,CGGGAGCTTCAGTGTA-1
Other,ALL,CCACAGTACCCATCCT-1
Other,ALL,GAGCGCGCACGAGTAG-1
Other,ALL,ACCAGTGCGGGAGACG-1
Other,ALL,TCCTTACGACGGTCCG-1
Other,ALL,TAGTCGATCACGGGTT-1
Other,ALL,AGACGAAGTGCCGGTC-1
Other,ALL,CGCTGGTGACTACCCT-1
Other,ALL,AGGCATTGTCGTAGGG-1
Other,ALL,TGGTAGAATATATGGG-1
Other,ALL,TTCTTATCCGCTGGGT-1
Other,ALL,ATGCGAGTCCCACCAC-1
Other,ALL,CTCCCTCCTTTCGATC-1
Other,ALL,TTGGAAGAATACAGTC-1
Other,ALL,CTCATGGTAATTTGCG-1
Other,ALL,TTGTGGTAGGAGGGAT-1
Other,ALL,TTGACCGTGTTAATGA-1
Other,ALL,TCTGTTACCCAGCATA-1
Other,ALL,CTAACTGGTCCGGTTC-1
Other,ALL,AGCGACAGGAACGGTC-1
Other,ALL,TAATAGAACAGAGTTA-1
Other,ALL,ACAGGTGGAGGTGAGG-1
Other,ALL,TGCGAGAATATTACCC-1
Other,ALL,TTGCGTCGGCCAACCG-1
Other,ALL,AGGCTTCCCGAAGAAG-1
Other,ALL,GCGGACCGCGTTGTGG-1
Other,ALL,GTAATCTGATTCTTCG-1
Other,ALL,CCGCGGAATGCGTCAC-1
Other,ALL,TTCCACACAGATTTGA-1
Other,ALL,CTTCTATTAATGCTAG-1
Other,ALL,CATTTGAGTGGTACGT-1
Other,ALL,TCACAGCAAACTCGAA-1
Other,ALL,CAGACGAACCTGATAC-1
Other,ALL,TAGCTAGAAGGCATGA-1
Other,ALL,ATCCAGAGCAACAACC-1
Other,ALL,TCCGGTTCGTCCGGTC-1
Other,ALL,CGCGCATGTTTGATTG-1
Other,ALL,TGGCGATCAAGTTATG-1
Other,ALL,CCCTTTGACAGGTCTT-1
Other,ALL,CAGAGACGGTCACCCA-1
Other,ALL,TAGCTCGCCTGATAAC-1
Other,ALL,TTGTGTTTCCCGAAAG-1
Other,ALL,TATACACAGACGCCTT-1
Other,ALL,ACATTAGTTTATATCC-1
Other,ALL,CCATCGCAGTTAAACT-1
Other,ALL,AATTAGCGCTGCAGCG-1
Other,ALL,TCCGCTTATCCCATTA-1
Other,ALL,GTTTGGGCTTGTGAGC-1
Other,ALL,CTTGTCAACATTCGAG-1
Other,ALL,GGACCAACAGGATAAC-1
Other,ALL,AAGCTAGATCGAGTAA-1
Other,ALL,GCTGCTACTGCGTAGC-1
Other,ALL,CTGCACAACTACATAT-1
Other,ALL,GTCTATTGGTTCCGGT-1
Other,ALL,AACGGACGTACGTATA-1
Other,ALL,GCTACTATAGTAGAGT-1
Other,ALL,CGAACAGTATGGGCGT-1
Other,ALL,ACAATTGTGTCTCTTT-1
Other,ALL,GATCGCTACCCGATTT-1
Other,ALL,ATTGCGATCAGTAACT-1
Other,ALL,CAGCAGTCCAGACTAT-1
Other,ALL,GGCAGCAAACCTATGC-1
Other,ALL,ACTAGTTGCGATCGTC-1
Other,ALL,CCGTATCTCGTCGTAG-1
Other,ALL,ATTTGCGCGAGTAGCT-1
Other,ALL,AGACGACGATGCCGCT-1
Other,ALL,GGTCTCTGAATGGACT-1
Other,ALL,GCTCAATCCGTTTATT-1
Other,ALL,CCAGAAAGCAACTCAT-1
Other,ALL,CACCGTTAGGGATCAC-1
Other,ALL,AATAACACTAGAACAA-1
Other,ALL,CACCCGGTTTGTGACT-1
Other,ALL,CCACCAACTTTACTGT-1
Other,ALL,AACTCTCAGTGTGCTC-1
Other,ALL,AAACCGTTCGTCCAGG-1
Other,ALL,CAGCGATTCCCTTCAA-1
Other,ALL,GCTAGCTTGAATAGCT-1
Other,ALL,TTGCGGCATCAGAAAG-1
Other,ALL,AATAGAACAGAGTGGC-1
Other,ALL,GCCATCGAGCTGCGTG-1
Other,ALL,ACACTGATCAAGGTGT-1
Other,ALL,ACCAACGCTTATTTAT-1
Other,ALL,GACATCGATTTATAAC-1
Other,ALL,CAGACACCGATCGCTG-1
Other,ALL,CCAAGAAAGTGGGCGA-1
Other,ALL,GGTAGACCGTTGGGCG-1
Other,ALL,TCGTTAGGAGTCCCTA-1
Other,ALL,ACGGCCAACATGGACT-1
Other,ALL,GTGAGTGGTACAACGC-1
Other,ALL,GAGACTTCGCGACCGA-1
Other,ALL,GAAGTCAGTTGCACTA-1
Other,ALL,GTTTGGTAGGGTCAAC-1
Other,ALL,ACGGCACTTGCTTGGG-1
Other,ALL,CCTCTGTACTATTCTA-1
Other,ALL,CTATTCATGTGTCCCA-1
Other,ALL,GCCCGATCTGTGGTCG-1
Other,ALL,TTAGAAGAACATGACT-1
Other,ALL,AGGATAAAGTCGGGAT-1
Other,ALL,CGGCAAACATCGTGCG-1
Other,ALL,CTAGTTACAACCCGGT-1
Other,ALL,TTCGACAGAGCCCGTG-1
Other,ALL,TGGTCCCACGCTACGG-1
Other,ALL,ATCGGAGACAGACGGC-1
Other,ALL,AAATAGGGTGCTATTG-1
Other,ALL,AAGTGTTTGGAGACGG-1
Other,ALL,AGCACTACCTCACCAG-1
Other,ALL,TGCCTTGGCCAGGCAA-1
Other,ALL,TCGTCTTAGGCGTTAA-1
Other,ALL,TTCTGACCGGGCTCAA-1
Other,ALL,CAGAACTTAGCCCTCT-1
Other,ALL,ACAGGCTTGCCCGACT-1
Other,ALL,TGCTAAGTGTCTATTT-1
Other,ALL,GTCCTACGAATAGTCT-1
Other,ALL,TAAGTTGCGACGTAGG-1
Other,ALL,AGTGCACGCTTAAGAA-1
Other,ALL,TGTGCCGGTGCCGGAA-1
Other,ALL,AGGAGGCCTTCGCGCG-1
Other,ALL,CGCAGGCGATCCAAAC-1
Other,ALL,CCATATGGAAACTATA-1
Other,ALL,CACCGTATCCCATCCG-1
Other,ALL,AGTCTCACAAGACTAC-1
Other,ALL,AAATTGATAGTCCTTT-1
Other,ALL,TAAGTCGCCGAGTATC-1
Other,ALL,GCGGAGAAACTTCGCA-1
Other,ALL,GGCAAAGGCGCCAATA-1
Other,ALL,ATTTCCGGGTTCTGCG-1
Other,ALL,TAAACCCAGGAGGGCA-1
Other,ALL,TTCGGGCGCTAGTCTT-1
Other,ALL,GTGGAGTCGGCGGTTG-1
Other,ALL,GCACGCCTACTTAGAT-1
Other,ALL,CAATATTCTTGACCTA-1
Other,ALL,CGTTTGTGTAGAGGGT-1
Other,ALL,CATAGCGTTGCCCACC-1
Other,ALL,TGATACATTTAGCCGT-1
Other,ALL,TTCCGGCCTTGAGGCT-1
Other,ALL,CCTATACCGTCCTGTC-1
Other,ALL,TCGTTGCTATCCGGTC-1
Other,ALL,TGGCGACTGCTCCAAA-1
Other,ALL,CAGAGGCGATGCATGA-1
Other,ALL,TCACAGGAGAATAAGA-1
Other,ALL,GGGTTAACATTTGAGT-1
Other,ALL,GCGGGCGAGCCTTACC-1
Other,ALL,TGCCAATGGGTACTCT-1
Other,ALL,AGGGACTCTACGCGAC-1
Other,ALL,GACGCCGTAAAGGCTA-1
Other,ALL,AAAGGCTCTCGCGCCG-1
Other,ALL,CTGGCTGGTTGTCAGT-1
Other,ALL,ACATCCCGGCCATACG-1
Other,ALL,CTCTTGTCCCGCTTGG-1
Other,ALL,TACGCCTCCATTCCGA-1
Other,ALL,CGGAGCAATTTAATCG-1
Other,ALL,AACTAGGCTTGGGTGT-1
Other,ALL,GCGTCGCCAGGGTGAT-1
Other,ALL,GTTGGTCATGCTATCC-1
Other,ALL,GCTGGCGGCGCATGCT-1
Other,ALL,TGAGCGGAAAGTGTTC-1
Other,ALL,CTTTCTGTGCGGGCTT-1
Other,ALL,ATCTAATATCCTACGG-1
Other,ALL,AACCTTTAAATACGGT-1
Other,ALL,TTCACTCGAGCACCTA-1
Other,ALL,TATCCAATTGGTTATC-1
Other,ALL,TCTCCCTGGGCAGCGT-1
Other,ALL,CCTATAATGAGTGCCC-1
Other,ALL,CAATGCGAGAAGTATC-1
Other,ALL,TACCAATAAAGTACCA-1
Other,ALL,GCTAGGCACCACGGAG-1
Other,ALL,GGTGGACTGCTCTGGC-1
Other,ALL,TATTCCGAGCTGTTAT-1
Other,ALL,TTGAGAAGTTTAGCAT-1
Other,ALL,GTCCGGACCTGAAATT-1
Other,ALL,CATGTAAGAGACATTT-1
Other,ALL,CACGTTTCGTACACAC-1
Other,ALL,CATCCTCTCAAAGATC-1
Other,ALL,TAGAGGTTCTACTTGT-1
Other,ALL,GTATCAAACGTTAGCT-1
Other,ALL,CATGGATTGTCTTCCG-1
Other,ALL,CACACACGCTAACGAG-1
Other,ALL,CTATGGGAAGCGGAAT-1
Other,ALL,CAAAGATTATTGGGCC-1
Other,ALL,ACAATGAATACGGAGA-1
Other,ALL,GCTCCTGACATACTGG-1
Other,ALL,GATGACAAGTAGGGCA-1
Other,ALL,TACGCCGAGGGTACCC-1
Other,ALL,CACTCCTATGTAAGAT-1
Other,ALL,TCGAGCCAGGCAGGCC-1
Other,ALL,TCGTCAAGTACGCGCA-1
Other,ALL,CCCGTAGCTGGGAAGA-1
Other,ALL,ACCCTATGCCATATCG-1
Other,ALL,GTGGTATAGTCTGCCG-1
Other,ALL,CCGGTTTGTAATTGTG-1
Other,ALL,GTCGCCGTTGTGTGTT-1
Other,ALL,TACTGAACAGATTTAG-1
Other,ALL,TATTAACCTGACCGCG-1
Other,ALL,CTGTAGCCATCTCACT-1
Other,ALL,TACTATGGTTCCTCAG-1
Other,ALL,GAGTCAGACCAGAATC-1
Other,ALL,TAAGGCATAACATCAA-1
Other,ALL,CTTCCGCTCCGTGAAG-1
Other,ALL,GGGCTATGATCGATGG-1
Other,ALL,GGTCGGTCGTCCACAG-1
Other,ALL,GGGACCCGTATATCTT-1
Other,ALL,GAAAGCAGTGCACTTT-1
Other,ALL,AGCGCATAATGAATCG-1
Other,ALL,GCTGCTAAGTAGTCGA-1
Other,ALL,AATAGTCCGTCCCGAC-1
Other,ALL,AGCAGCCAGATGAATA-1
Other,ALL,CCTCGCGCTGTGCGAT-1
Other,ALL,TTGTGTATGCCACCAA-1
Other,ALL,TGCTCGGCGAAACCCA-1
Other,ALL,CGATTAAATATCTCCT-1
Other,ALL,TGCCGTGGATCGTCCT-1
Other,ALL,GTGGACGCATTTGTCC-1
Other,ALL,ACCCGGAAACTCCCAG-1
Other,ALL,CCGCATGTGGTACGAT-1
Other,ALL,GCAAACCTTGGCCATA-1
Other,ALL,ATTCACTGATGTTGGA-1
Other,ALL,ACTCCCTAATGCTAAA-1
Other,ALL,GAACAGATTACTAAAT-1
Other,ALL,ATACAGGCCCTCCAAT-1
Other,ALL,CACCCTAACAAGATCT-1
Other,ALL,CATGGGTATGCCTTAT-1
Other,ALL,TCTGAAGCACGTGGTC-1
Other,ALL,AAGTTCACTCCAAGCT-1
Other,ALL,AGTCGTCGACCACCAA-1
Other,ALL,TCCTTTAAATCCGCTT-1
Other,ALL,ACTGAAACGCCGTTAG-1
Other,ALL,CCATGCCCTAGATTTC-1
Other,ALL,CTACACTCGCAGATGG-1
Other,ALL,ACGCATACGTTTACTA-1
Other,ALL,GGAGCAACATTTCAAG-1
Other,ALL,GGACCTCTAGGCCGCC-1
Other,ALL,TCGAATATCCCGCAGG-1
Other,ALL,GCGACCCAACCATCTG-1
Other,ALL,AGAGAAGGAGTACAAT-1
Other,ALL,GGCTCCTCCACCTGTT-1
Other,ALL,TCAGTGTATACGTCAT-1
Other,ALL,TTAGGTCATAACCGAC-1
Other,ALL,CTACAAGAAATAACCC-1
Other,ALL,TTGTTTCACATCCAGG-1
Other,ALL,CGCTGTGTGGATGTTG-1
Other,ALL,TCAACATAGCGCCCTA-1
Other,ALL,GGCCGTTTGGGTTTCA-1
Other,ALL,TACTCTTTCGTCTTCA-1
Other,ALL,TTCGCGCGCCATACGA-1
Other,ALL,CGGAAAGAATCAAACG-1
Other,ALL,AGGCAGGGAGCGTACT-1
Other,ALL,CCTTTAAGGGAGCACT-1
Other,ALL,CGCCCAGCACGCCTAG-1
Other,ALL,AGTATTTGGCACGACC-1
Other,ALL,TATCCGCACCGTCGGG-1
Other,ALL,ACCCGTGTCATCAGTA-1
Other,ALL,CAACTGCTCATCCGAT-1
Other,ALL,CCGGAGCGTACTTTCT-1
Other,ALL,TACCGTAGGTTAACTA-1
Other,ALL,TGAGGAGTGCCAGCTT-1
Other,ALL,CCAGTCTTGTCATAGA-1
Other,ALL,GGGCAGAGCAATCGTT-1
Other,ALL,TACCAAATAGCCCAGA-1
Other,ALL,TACCTACTCCCAGTAT-1
Other,ALL,TGTGAGACTAGCCCAA-1
Other,ALL,ATACCTAACCAAGAAA-1
Other,ALL,GTCGGGAAGCAGAAAC-1
Other,ALL,AATTAACGGATTTCCA-1
Other,ALL,GAACCCTCTGTGTTCT-1
Other,ALL,ATATAAAGCGCTCGTG-1
Other,ALL,CCTGGTCGAATGTGGG-1
Other,ALL,CTAGGTTCGGACGTGA-1
Other,ALL,TCGGGAGACAGCGTAC-1
Other,ALL,CATAAGAAGCTTGGCT-1
Other,ALL,CATGAGATGCACTCTC-1
Other,ALL,GAGCACCTGTGTCCAG-1
Other,ALL,CGCGACCGCGACAGAT-1
Other,ALL,GTCCCGCGACGTTATG-1
Other,ALL,GCAGTGTGGCTATAGG-1
Other,ALL,ATACTGCCTTACACCG-1
Other,ALL,TACAGAAACGGTGGGC-1
Other,ALL,GGCGCGGAGATCTTTC-1
Other,ALL,AGTGATAACCTGCGCG-1
Other,ALL,TATGATCTTCTCTTTA-1
Other,ALL,TGTACCTACACGAGGG-1
Other,ALL,ATATCGTTCCTCGAAC-1
Other,ALL,CGGCGCCATCAATCCC-1
Other,ALL,CCTGTTTGAAGACACG-1
Other,ALL,ATTCAACCATTTAAGG-1
Other,ALL,CACTCTTCTGCTAGCC-1
Other,ALL,CTAACTGATAATCGCC-1
Other,ALL,TGATGTCAATTAAGTG-1
Other,ALL,CGCCGTTCAGCATAGT-1
Other,ALL,TGCGACGGCCGAACGT-1
Other,ALL,CGTGTCTCGTTACGAC-1
Other,ALL,GAATAGTGCTCGATTA-1
Other,ALL,AACAATACATTGTCGA-1
Other,ALL,CACATCGTGCACGCGC-1
Other,ALL,ACCGTGACCACGTGGG-1
Other,ALL,CCCAATGAGATTTGCA-1
Other,ALL,CTACTCAAGGTATAGT-1
Other,ALL,TAGTAGCTTATACCAG-1
Other,ALL,ACGTTCGTTCAGGAAA-1
Other,ALL,TTAGAATAAGGGTCGG-1
Other,ALL,TTCTAGAAAGTCTTAT-1
Other,ALL,CCTTCAGTTAAAGTGA-1
Other,ALL,TAGCTAGTGATGATGG-1
Other,ALL,AGCCCGGTAGCCTGTA-1
Other,ALL,TACCTCAGTTGTCTGT-1
Other,ALL,GACGGGTTGGCCCGTA-1
Other,ALL,GAAACCTATACAAATG-1
Other,ALL,TCCACCTCTAGCCTTT-1
Other,ALL,AAGACCCAACTGAACA-1
Other,ALL,CATACACGGTTCCCAC-1
Other,ALL,ACTACGCGTTAGAATT-1
Other,ALL,CTTGGCCAAGCTGGGA-1
Other,ALL,TTACCCTAGGGATTGG-1
Other,ALL,TTCGCACTGTACGACA-1
Other,ALL,TAGGTGTTCCACAGAT-1
Other,ALL,GAAGCCTGCACATTCC-1
Other,ALL,GGCTTTCAATAAGGGT-1
Other,ALL,TCCAGGGTATATACGA-1
Other,ALL,CTCGCCGAATGTAGGG-1
Other,ALL,AGGAAGCTGTCCGCCG-1
Other,ALL,GTCTCAAGGCCCGGCT-1
Other,ALL,ACCGACACATCTCCCA-1
Other,ALL,TATACGCGTCATCACT-1
Other,ALL,ATCTGGGCTGTTCTTG-1
Other,ALL,TCAAATTTGAGACTCA-1
Other,ALL,GTTAAGGGTGCGATGT-1
Other,ALL,TTATAGGTAATTGTCT-1
Other,ALL,CGGATCCTCAAGGACT-1
Other,ALL,CTTAGTGTAGTAGCAT-1
Other,ALL,ACAAGGATGCTTTAGG-1
Other,ALL,TGCAACCCATCTGCGG-1
Other,ALL,AGTGCTAAACACAGCA-1
Other,ALL,AACTCCAGAGCGTGTT-1
Other,ALL,TCTCCACAAGTTGAAT-1
Other,ALL,GCCTCCGACAATTCAC-1
Other,ALL,TCTGCATACCTTGCTT-1
Other,ALL,CTGCAGAGAATCAGAG-1
Other,ALL,GGAAACTAAATGGGCC-1
Other,ALL,CCGTAGGGTTGTTTAC-1
Other,ALL,CTCTTCTGGAAGTTAG-1
Other,ALL,TACGTACTAGTGCTGA-1
Other,ALL,ATGACTATCAGCTGTG-1
Other,ALL,CTTTGGGATTGTTGCA-1
Other,ALL,AGACTGTTACCGGGTC-1
Other,ALL,TCCTAACCGTCGGGCA-1
Other,ALL,ACGCAAACTAATAGAT-1
Other,ALL,AAGTGAGTCGGGTTTA-1
Other,ALL,TAAAGCGGTATTTCCA-1
Other,ALL,CTCCTCCAGCTCACAC-1
Other,ALL,CGGTCCGTCGCAAGCC-1
Other,ALL,CCTATATTTGTCCTGG-1
Other,ALL,TCCAATAAAGGCTACC-1
Other,ALL,AAAGGCTACGGACCAT-1
Other,ALL,CGTGACCAGTCCTCTG-1
Other,ALL,GATCTGCTATCTAAGG-1
Other,ALL,CGAATGACGCATAATG-1
Other,ALL,GCTCAATGTAATACCG-1
Other,ALL,CTATGCCCGAATGCAA-1
Other,ALL,CACAGGGCCGTTGTCA-1
Other,ALL,TCAATACGCCGTCATG-1
Other,ALL,AGCGGACACTTCGTAG-1
Other,ALL,ATACGTTATGCACGGA-1
Other,ALL,GAGTAGATACTAGTTG-1
Other,ALL,CCAGCTCGAACGCATT-1
Other,ALL,TGCTTCCCAAGCAGTA-1
Other,ALL,GTAGACACGCCTGACT-1
Other,ALL,CTCACATTTACTAAAT-1
Other,ALL,GAATGCGAATCGGTTC-1
Other,ALL,TAAGGCCCGTCACCCT-1
Other,ALL,GAGTATGCGCGTGCAT-1
Other,ALL,ATCCACATCGACAGAA-1
Other,ALL,TAGACGAAACGCCAAT-1
Other,ALL,CAGCAGTCTGTGCTGC-1
Other,ALL,CTCACTGTGATACTTA-1
Other,ALL,GTAGTCTACGATATTG-1
Other,ALL,CTAGTAGAAAGGGATT-1
Other,ALL,CTCAACTAACCCGGAT-1
Other,ALL,AGCCACAGGTTACCCG-1
Other,ALL,GTTTGGGTTTCGCCCG-1
Other,ALL,CCTATGTCCACTCCAC-1
Other,ALL,CTGCCTTTCTAGTAAA-1
Other,ALL,TTAGTAAACCTGCTCT-1
Other,ALL,CCTCCTGTTGTGTCGT-1
Other,ALL,ATAGCAACTAGGGAAG-1
Other,ALL,GGTCTCCGTCCAGGTT-1
Other,ALL,GCGTCCCTAAGACATA-1
Other,ALL,TCTCTTACCGCGAACC-1
Other,ALL,GGCTACTATACACTCC-1
Other,ALL,CGTTGCCCGCGTGGGA-1
Other,ALL,TATAGAGTCGCTTGAA-1
Other,ALL,ATGTTGTAGTCTGTTT-1
Other,ALL,AGTATACACAGCGACA-1
Other,ALL,TGTGGTTGCTAAAGCT-1
Other,ALL,TGATTCCCGGTTACCT-1
Other,ALL,CACTGACGATTGTGGA-1
Other,ALL,AACATTGTGACTCGAG-1
Other,ALL,GTCCAATATTTAGCCT-1
Other,ALL,GCTCTTTCCGCTAGTG-1
Other,ALL,GGGTCAGGAGCTAGAT-1
Other,ALL,AGGTGGTGACCTTCGC-1
Other,ALL,CCCGGGTCGTTCAGGG-1
Other,ALL,AGCCAAGCTTTGTGTC-1
Other,ALL,TGTGGCGGGCTTCTGG-1
Other,ALL,CGAGGGTATCCAGGTG-1
Other,ALL,CGTTCAGACCCGCGAA-1
Other,ALL,TCATATGAGCTTTGTT-1
Other,ALL,AGTTGACGGTCCTTGC-1
Other,ALL,ATAATTAGCTAAGTAG-1
Other,ALL,GGTCTTGAGCGCTCTT-1
Other,ALL,CGTTGTCGGCAATTGA-1
Other,ALL,TCTTGCTCCCGATACT-1
Other,ALL,AGCAGAAGGAGAAAGA-1
Other,ALL,GAAGCCACTGATTATG-1
Other,ALL,TGCTCTTGAGAGTTTG-1
Other,ALL,GACATCCGTCGAACTG-1
Other,ALL,AGATATAATACGACTA-1
Other,ALL,TCGCTACTGGCTTTGA-1
Other,ALL,GTGACAGCTTCCCACT-1
Other,ALL,GGGAAGACGGTCTGTC-1
Other,ALL,CGTCGCATGTGAGCCA-1
Other,ALL,AGAAGGTTGTAGGTCG-1
Other,ALL,GGCCGGCGTCTGCTAT-1
Other,ALL,TTGACCAGGAACAACT-1
Other,ALL,AGTCGTATAAAGCAGA-1
Other,ALL,AAACCTAAGCAGCCGG-1
Other,ALL,CGCCCAGCGTTTCACG-1
Other,ALL,AAACGGGCGTACGGGT-1
Other,ALL,GTATCCTTTGGTAACC-1
Other,ALL,CATAGTCAAATACATA-1
Other,ALL,GTAACTGCCCAAGGAG-1
Other,ALL,GGTGCATAAATGATTA-1
Other,ALL,TAGTCCCGGAGACCAC-1
Other,ALL,CGGCCAGAGCGACCAT-1
Other,ALL,TGAATGAGTGTTTCCC-1
Other,ALL,TTCACTTCCTAGAACG-1
Other,ALL,CGCTTAGTATTGATAC-1
Other,ALL,AACGCGACCTTGGGCG-1
Other,ALL,GTGCACCAGCTTCAAC-1
Other,ALL,TTCTATTAAACGCAGC-1
Other,ALL,TGGCAAGCACAAGTCG-1
Other,ALL,ATCTGCTGTTATCGCC-1
Other,ALL,AATTCCAAGCATGTAC-1
Other,ALL,AAACGGTTGCGAACTG-1
Other,ALL,GAAGGAGTCGAGTGCG-1
Other,ALL,GGCAAGCCCATAGTGG-1
Other,ALL,TGACCAAATCTTAAAC-1
Other,ALL,TTCGGTACTGTAGAGG-1
Other,ALL,ATGTACGATGACGTCG-1
Other,ALL,ATCTAGCTTGTGAGGG-1
Other,ALL,AGCGGGTCTGACACTC-1
Other,ALL,GAGGTACGCGTGTCCC-1
Other,ALL,GCACTGCCTACCTTTA-1
Other,ALL,GGAGCGAGGCCTACTT-1
Other,ALL,TGCTCGGTGGGTCACC-1
Other,ALL,GACTAGGCCGTTAGGT-1
Other,ALL,GCGAAGAATCTGACGG-1
Other,ALL,CGTAGAGAGTAATTAT-1
Other,ALL,CGCATGCCGAATGCGT-1
Other,ALL,TCCAACTCAGCTATCT-1
Other,ALL,GTCTAGTGAGCCGCTT-1
Other,ALL,GAGCGGAATGCGGTGT-1
Other,ALL,CAGTTCGAGGACCCGA-1
Other,ALL,CGTAACTTCGACACTT-1
Other,ALL,TGATCACCACACTGAC-1
Other,ALL,CATACTTCTTTCTCCG-1
Other,ALL,CAAGTAAGTGATAGAC-1
Other,ALL,AGCCCGCAACAAGCAG-1
Other,ALL,GCTCCATGCAAAGCAA-1
Other,ALL,TCGTACCGACGTCAAG-1
Other,ALL,ATTATCGGAATGTACG-1
Other,ALL,ACCTACTATAAATCTA-1
Other,ALL,TATCCTATCAACTGGT-1
Other,ALL,GCGCGGTCTAGTAACT-1
Other,ALL,CCTTCGTATAGAATCC-1
Other,ALL,TGGGCGATACAATAAG-1
Other,ALL,TGACATGTAACGTGAC-1
Other,ALL,TTGGGAAGACGAGCCG-1
Other,ALL,GGTGTAAATCGATTGT-1
Other,ALL,GAACTGTGGAGAGACA-1
Other,ALL,TCCACATCGTATATTG-1
Other,ALL,CCTATGGTCAAAGCTG-1
Other,ALL,TCCTTGTCCTTTAATT-1
Other,ALL,GTCCGGGTTCACATTA-1
Other,ALL,TACGGAAGCCAAACCA-1
Other,ALL,GCCCTGAGGATGGGCT-1
Other,ALL,CGGGCGATGGATCACG-1
Other,ALL,TAATACTAGAACAGAC-1
Other,ALL,GGGCAGTCAACGCCAA-1
Other,ALL,TACGTGGGCCCAGGGC-1
Other,ALL,GGGAGCGACCGTAGTG-1
Other,ALL,TGAGGTGTGTGGCGGA-1
Other,ALL,ATTGTCTGTTTCATGT-1
Other,ALL,GCCGGTCGTATCTCTC-1
Other,ALL,ATATGGGATAGCAACT-1
Other,ALL,GATAGAACCCGCTAGG-1
Other,ALL,ATCCCATTTCCGTGGG-1
Other,ALL,GATGCTACCTTCGATG-1
Other,ALL,TGCAAAGTTCGTCTGT-1
Other,ALL,GTTCAGTCGCCAAATG-1
Other,ALL,GTCTCCGCCTCAATAC-1
Other,ALL,AGTAGAAGGCGCCTCA-1
Other,ALL,GTTGTAGATTTATGAG-1
Other,ALL,CTATTTGCTTGGAGGA-1
Other,ALL,AGCCATATAGTATGTG-1
Other,ALL,TGTTCCGGCCTGAGCT-1
Other,ALL,TGCCGTGGGACCCAAT-1
Other,ALL,TTGCAAGAAGACTCCT-1
Other,ALL,CCGCTCCAGGGCGATC-1
Other,ALL,CAAACCCTCCGGCGGG-1
Other,ALL,CGGACCTTTACGTCCC-1
Other,ALL,ACGTAGGAGAGTCGCT-1
Other,ALL,CTGCGACCTCGCCGAA-1
Other,ALL,GGCCCAGCTGGTTTGC-1
Other,ALL,GGATTAATCATGGACC-1
Other,ALL,GAGATGGCTTTAATCA-1
Other,ALL,AGTACAGAAGCTTATA-1
Other,ALL,GCGGCTTTAGCAAGTT-1
Other,ALL,ACCGAGTCTCCTTATT-1
Other,ALL,TGTAGCCAATTCCGTT-1
Other,ALL,CTCGTCTGTGCCTTCG-1
Other,ALL,GGACTCTTTGACTAAG-1
Other,ALL,TACTACGTGCAATGCG-1
Other,ALL,CCCTACTTGAACAATG-1
Other,ALL,GCAGCTGTCAACGCAT-1
Other,ALL,TCTCAAATCAATCGGG-1
Other,ALL,TACACCTCTTCGAATC-1
Other,ALL,TCCAGGCAGGACGATC-1
Other,ALL,CAATGACCCTTAATTT-1
Other,ALL,ATCAAGATCCCAGGAC-1
Other,ALL,CTCAGAGCTAATGTCG-1
Other,ALL,CTGCGATTTCGAGATT-1
Other,ALL,ATGGTATTGGGAACCG-1
Other,ALL,TAGGTTCTGCTGAGAA-1
Other,ALL,GCCTGTCCCGGTGCAT-1
Other,ALL,GGCCTGCTCTGATGTT-1
Other,ALL,TAGAGGGAGTTTATCT-1
Other,ALL,CTCTACATCCTGCGTG-1
Other,ALL,ACACATTTCCGTAGAC-1
Other,ALL,TGGGTGTTAAGTAGAA-1
Other,ALL,GAGCTCAACATGAGCG-1
Other,ALL,GCACACAGCTATTACC-1
Other,ALL,GCGACGGTAGTCTCCT-1
Other,ALL,GTATCAAGGTACTTCC-1
Other,ALL,GGAAAGGGAATTGAGC-1
Other,ALL,TACACAGCCGTGGTGC-1
Other,ALL,CGGTTGGGCAGGGTCC-1
Other,ALL,GCACGCCGATTCCCGC-1
Other,ALL,CGCTTTCCGCCAAGGT-1
Other,ALL,CCACTCAGATCCGCAA-1
Other,ALL,GAAGGGTCATTAAGAC-1
Other,ALL,GCGGTCTTGCTTTCAC-1
Other,ALL,GGAAGGACACCGTATA-1
Other,ALL,CGCGGGAATTCCTTTC-1
Other,ALL,TCTATCCGATTGCACA-1
Other,ALL,TACTCGTTTGAATCAA-1
Other,ALL,GTCTGCCGACTCGACG-1
Other,ALL,TACGGGTAATAACATA-1
Other,ALL,CCAGTTCGGTAACTCA-1
Other,ALL,CGTGCACACCACTGTA-1
Other,ALL,CTTCAGTTGGACAACG-1
Other,ALL,GGCATTGAACATCTCA-1
Other,ALL,AACCCGCTGTATTCCA-1
Other,ALL,TAACAGGTTCCCTTAG-1
Other,ALL,GTTCTTGTAACTCAAT-1
Other,ALL,GATTCTGTTAATGAGT-1
Other,ALL,GGACACCTCGGTGTTG-1
Other,ALL,CGATCGAGAAGCACCA-1
Other,ALL,CTGCTCTGACGGCAAA-1
Other,ALL,CCCAGGAAGAATTCGA-1
Other,ALL,TGTCGTGGGTATAGGC-1
Other,ALL,ATATGTCTAGAGCGTG-1
Other,ALL,GCGGGCAGACGGGTGA-1
Other,ALL,CGAAGATCAGTTTCAT-1
Other,ALL,ACGCCACTCGAAACAG-1
Other,ALL,CTTAGATGTTTCATCC-1
Other,ALL,GCGAATGGACTAGCGA-1
Other,ALL,TAAATTGTGGGTAAAG-1
Other,ALL,ATTTATACTGGTAAAG-1
Other,ALL,GCGTCGTAACATGGTC-1
Other,ALL,CGGTATGGGCACTCTG-1
Other,ALL,CTATCACAACGCTGGA-1
Other,ALL,ACCACACGGTTGATGG-1
Other,ALL,TCAGCGCACGCCGTTT-1
Other,ALL,AATGTTAAGACCCTGA-1
Other,ALL,CTTACATAGATTTCTT-1
Other,ALL,AACATAGCGTGTATCG-1
Other,ALL,AGCAGTCGAAGCATGC-1
Other,ALL,GTACTACGGCCTCGTT-1
Other,ALL,TTGGCCAAATTGTATC-1
Other,ALL,TCAGAGGACGCGTTAG-1
Other,ALL,AGTAATCTAAGGGTGG-1
Other,ALL,AATTATACCCAGCAAG-1
Other,ALL,CCCTACCCACACCCAG-1
Other,ALL,CTCTGTCCATGCACCA-1
Other,ALL,TCGCCTCCTTCGGCTC-1
Other,ALL,CCTGATTCGCGAAGAA-1
Other,ALL,ATCAAAGAGCCGTGGT-1
Other,ALL,ATGTCATAATAAACGA-1
Other,ALL,CTTAATCGACTTAGTA-1
Other,ALL,CTAAAGGATGAGATAC-1
Other,ALL,GTGCTATCCAGCTGGA-1
Other,ALL,GACAGAGGTCTTCAGT-1
Other,ALL,TCGATTTACGAAACGA-1
Other,ALL,AGGCTTAAGTTGCACA-1
Other,ALL,TAGGATCTTAACCGCA-1
Other,ALL,GACTTTCGAGCGGTTC-1
Other,ALL,CCCTGGGAGGGATCCT-1
Other,ALL,TAGTAGTTGCCGGACA-1
Other,ALL,GCCCTAAGTGCAGGAT-1
Other,ALL,ACTTGGGCTTTCGCCA-1
Other,ALL,CATGATACGGTGAAAC-1
Other,ALL,TCCTGCAGCCGCCAAT-1
Other,ALL,GTCCGTTAGAGGGCCT-1
Other,ALL,GCTTTATTAAGTTACC-1
Other,ALL,AATCGAGGTCTCAAGG-1
Other,ALL,GTGCTGTTAGAACATA-1
Other,ALL,GGCTTCTCGTGGGTGG-1
Other,ALL,CCTACAGTTGAGGGAG-1
Other,ALL,TATCCCTCGATCTGCA-1
Other,ALL,CCGGTATCTGGCGACT-1
Other,ALL,CTCTAACACCGGCAGC-1
Other,ALL,CTTCATCACCAGGGCT-1
Other,ALL,GGCTGGCAATCCCACG-1
Other,ALL,CATGTGGGCTCATCAC-1
Other,ALL,GATTATCTTGCATTAT-1
Other,ALL,GAGTCCACCAGGTTTA-1
Other,ALL,TGTACTATCGCTCGTT-1
Other,ALL,TTAGCGAATAGATAGG-1
Other,ALL,ACATACAATCAAGCGG-1
Test,Test_1,CATATAGGTACAGTCA-1
Test,Test_1,TTGCACAATTCAGAAA-1
Test,Test_1,TGGCAGATTACGATCA-1
Test,Test_1,TCACCCTCTTAAGATT-1
Test,Test_1,GAGTCCGCTTACCGGA-1
Test,Test_1,GGCGCGTTCGAGTTTA-1
Test,Test_1,CTGTTACCCAATCTAG-1
Test,Test_1,ACGCGAAGTCAGACGA-1
Test,Test_1,TAGCTCGCCTGATAAC-1
Test,Test_1,TTGTGTTTCCCGAAAG-1
Test,Test_1,ACGGCACTTGCTTGGG-1
Test,Test_1,GTTTGGTAGGGTCAAC-1
Test,Test_1,GAGACTTCGCGACCGA-1
Test,Test_1,GTGAGTGGTACAACGC-1
Test,Test_1,TCGTTAGGAGTCCCTA-1
Test,Test_1,GGTAGACCGTTGGGCG-1
Test,Test_1,GACGCCGTAAAGGCTA-1
Test,Test_1,AGGGACTCTACGCGAC-1
Test,Test_1,GAAAGCAGTGCACTTT-1
Test,Test_1,GCTGCTAAGTAGTCGA-1
Test,Test_1,ACATCCCGGCCATACG-1
Test,Test_1,TACGCCTCCATTCCGA-1
Test,Test_1,AACTAGGCTTGGGTGT-1
Test,Test_1,GCGTCGCCAGGGTGAT-1
Test,Test_1,GCCCGATCTGTGGTCG-1
Test,Test_1,GCTGGCGGCGCATGCT-1
Test,Test_1,TGAGCGGAAAGTGTTC-1
Test,Test_1,GTGGACGCATTTGTCC-1
Test,Test_1,TGCCGTGGATCGTCCT-1
Test,Test_1,ATACCTAACCAAGAAA-1
Test,Test_1,TGTGAGACTAGCCCAA-1
Test,Test_1,CTCGCCGAATGTAGGG-1
Test,Test_1,TCCAGGGTATATACGA-1
Test,Test_1,GAGTAGATACTAGTTG-1
Test,Test_1,CCAGCTCGAACGCATT-1
Test,Test_1,ATAATTAGCTAAGTAG-1
Test,Test_1,GGTCTTGAGCGCTCTT-1
Test,Test_1,TCATATGAGCTTTGTT-1
Test,Test_1,CGTTCAGACCCGCGAA-1
Test,Test_1,TGACCAAATCTTAAAC-1
Test,Test_1,GGCAAGCCCATAGTGG-1
Test,Test_1,GCGCGGTCTAGTAACT-1
Test,Test_1,TATCCTATCAACTGGT-1
Test,Test_1,GATGCTACCTTCGATG-1
Test,Test_1,GATAGAACCCGCTAGG-1
Test,Test_1,GCTCCATGCAAAGCAA-1
Test,Test_1,TCGTACCGACGTCAAG-1
Test,Test_1,ATCTGCTGTTATCGCC-1
Test,Test_1,AATTCCAAGCATGTAC-1
Test,Test_1,CCCGGGTCGTTCAGGG-1
Test,Test_1,AGCCAAGCTTTGTGTC-1
Test,Test_1,CGAATGACGCATAATG-1
Test,Test_1,GCTCAATGTAATACCG-1
Test,Test_1,CTTGGCCAAGCTGGGA-1
Test,Test_1,CATACACGGTTCCCAC-1
Test,Test_1,AAAGGCTACGGACCAT-1
Test,Test_1,TCCAATAAAGGCTACC-1
Test,Test_1,AACATTGTGACTCGAG-1
Test,Test_1,CACTGACGATTGTGGA-1
Test,Test_1,CGCTTAGTATTGATAC-1
Test,Test_1,GTGCACCAGCTTCAAC-1
Test,Test_1,TTCACTTCCTAGAACG-1
Test,Test_1,CATACTTCTTTCTCCG-1
Test,Test_1,TGATCACCACACTGAC-1
Test,Test_1,TGAGGTGTGTGGCGGA-1
Test,Test_1,AACGCGACCTTGGGCG-1
Test,Test_1,TGAATGAGTGTTTCCC-1
Test,Test_1,GTCCAATATTTAGCCT-1
Test,Test_1,GCTCTTTCCGCTAGTG-1
Test,Test_1,CCTATATTTGTCCTGG-1
Test,Test_1,TCCACCTCTAGCCTTT-1
Test,Test_1,TTCGCACTGTACGACA-1
Test,Test_1,CACAGGGCCGTTGTCA-1
Test,Test_1,GATCTGCTATCTAAGG-1
Test,Test_1,CGTGACCAGTCCTCTG-1
Test,Test_1,CTATGCCCGAATGCAA-1
Test,Test_1,AGGTGGTGACCTTCGC-1
Test,Test_1,GGGTCAGGAGCTAGAT-1
Test,Test_1,TGGCAAGCACAAGTCG-1
Test,Test_1,TTCTATTAAACGCAGC-1
Test,Test_1,AGCCCGCAACAAGCAG-1
Test,Test_1,CAAGTAAGTGATAGAC-1
Test,Test_1,GCCGGTCGTATCTCTC-1
Test,Test_1,ATTATCGGAATGTACG-1
Test,Test_1,ACCTACTATAAATCTA-1
Test,Test_1,AAACGGTTGCGAACTG-1
Test,Test_1,TGTGGCGGGCTTCTGG-1
Test,Test_1,GAAGGAGTCGAGTGCG-1
Test,Test_1,TCAATACGCCGTCATG-1
Test,Test_1,CGAGGGTATCCAGGTG-1
Test,Test_1,AGTTGACGGTCCTTGC-1
Test,Test_1,ATACGTTATGCACGGA-1
Test,Test_1,AGCGGACACTTCGTAG-1
Test,Test_1,GAAGCCTGCACATTCC-1
Test,Test_1,TACCTACTCCCAGTAT-1
Test,Test_1,GGGCAGAGCAATCGTT-1
Test,Test_1,CCTCGCGCTGTGCGAT-1
Test,Test_1,TGCTCGGCGAAACCCA-1
Test,Test_1,ACCCGGAAACTCCCAG-1
Test,Test_1,CCGCATGTGGTACGAT-1
Test,Test_1,CGATTAAATATCTCCT-1
Test,Test_1,GTTGGTCATGCTATCC-1
Test,Test_1,TTGTGTATGCCACCAA-1
Test,Test_1,AGCAGCCAGATGAATA-1
Test,Test_1,AATAGTCCGTCCCGAC-1
Test,Test_1,AAAGGCTCTCGCGCCG-1
Test,Test_1,TGCCAATGGGTACTCT-1
Test,Test_1,ACGGCCAACATGGACT-1
Test,Test_1,CTGGCTGGTTGTCAGT-1
Test,Test_1,CTCTTGTCCCGCTTGG-1
Test,Test_1,CGGAGCAATTTAATCG-1
Test,Test_1,CCTCTGTACTATTCTA-1
Test,Test_1,CTATTCATGTGTCCCA-1
Test,Test_1,ACATTAGTTTATATCC-1
Test,Test_1,CCATCGCAGTTAAACT-1
Test,Test_1,AATTCTAGAGTTAGGC-1
Test,Test_1,GGTCAGTGGGTCCCAC-1
Test,Test_1,ATAATAGCTGTTGAAT-1
Test,Test_1,GTCGTACCATCTCGGG-1
Test,Test_1,CCGCTATCAGCACCAG-1
Test,Test_1,CTTTAGTGCTATTATT-1
Test,Test_1,ATCGACCCAATACAGA-1
Test,Test_1,CGAGACCCTAGAGTGT-1
Test,Test_1,TATCTACCACAGCGGG-1
Test,Test_1,CGGGAATTTATGTAAA-1
Test,Test_1,CTAAAGGGAAATAGGA-1
Test,Test_1,TTCCGCGTGAGGCGAT-1
Test,Test_1,TACCGGCTCACTGCCC-1
Test,Test_1,GTTTACGTTCCATCTG-1
Test,Test_1,GAAGTCAGTTGCACTA-1
Test,Test_1,CAGAGACGGTCACCCA-1
Test,Test_1,TATACACAGACGCCTT-1
Test,Test_1,TGTTCGTATTGCGGTG-1
Test,Test_1,TATTCCACTCAGCTCG-1
Test,Test_1,ATAAACGGACCCGTAA-1
Test,Test_1,GATAGGTAACGTTGAC-1
Test,Test_1,GGGTGACACCTTAACT-1
Test,Test_1,CTTGCCCAGGCTCTAC-1
Test,Test_1,CCTGACCACCGATGGT-1
Test,Test_1,ATTCATATACTGTCCA-1
Test,Test_1,CAGGATATATCGTTGT-1
Test,Test_1,GTGATCATAGATCTGC-1
Test,Test_1,ATTAAACATGCGGACC-1
Test,Test_1,CATCGGACGGGTTAAT-1
Test,Test_1,TCAACGAGGAGACAAA-1
Test,Test_1,AAATCGTGTACCACAA-1
Test,Test_1,TTACTGGGATATTTCA-1
Test,Test_2,TGTAGTGATCTATAAT-1
Test,Test_2,ACAATCCATTTAAACC-1
Test,Test_2,CATACCCGTACCCAGT-1
Test,Test_2,TCCTGCGTTGATACTC-1
Test,Test_2,CGTGCATTGTCGACGC-1
Test,Test_2,ATTACGCGCTGGCAGG-1
Test,Test_2,ACGCGCTACACAGGGT-1
Test,Test_2,CGCTTATTCCCGGTCG-1
Test,Test_2,TTACTCTGGTACGTAC-1
Test,Test_2,CTGGGCCTGCTATATC-1
Test,Test_2,CATAGTCCACAAGAAC-1
Test,Test_2,TCTAGCAATCTCCGCC-1
Test,Test_2,CACCGTTGCGCGATAT-1
Test,Test_2,AGAAGTGATTCGTGAT-1
Test,Test_2,AAGTGCGTTAGAATCT-1
Test,Test_2,TTGTGGTAGGAGGGAT-1
Test,Test_2,CTCATGGTAATTTGCG-1
Test,Test_2,TTGGAAGAATACAGTC-1
Test,Test_2,CTCCCTCCTTTCGATC-1
Test,Test_2,ACTCGTAACCCGTCCT-1
Test,Test_2,CATATGTCAGGCTACG-1
Test,Test_2,ACGGGAGTGTCGGCCC-1
Test,Test_2,TTAACTTCAGGTAGGA-1
Test,Test_2,TTGTTTCCATACAACT-1
Test,Test_2,TAGAGATCATGCAACT-1
Test,Test_2,ATCCAATGGAGGGTCC-1
Test,Test_2,AGCCCATACATGTAAG-1
Test,Test_2,CGCCTGGCCTACGTAA-1
Test,Test_2,CTCACTTGGCTGGTAA-1
Test,Test_2,GTTTCATATCGTCGCT-1
Test,Test_2,ATCCTGAATCGCTGCG-1
Test,Test_2,GGCGCAGGACATCTTC-1
Test,Test_2,AAGTGACGACCGAATT-1
Test,Test_2,TGATCAGGGAACTGCT-1
Test,Test_2,TCGTGTCACGCTGACA-1
Test,Test_2,TGACGAATATTTCCCT-1
Test,Test_2,AACACGAGACGCGGCC-1
Test,Test_2,AGGTCAGGTGAGAGTG-1
Test,Test_2,TCCTCCTAAGACATTC-1
Test,Test_2,CGTTCATGGTGCGCGT-1
Test,Test_2,GGTCGTAAGCTCGCAC-1
Test,Test_2,CAGTACCAGTTTACGT-1
Test,Test_2,ACTCCCATTCCTAAAG-1
Test,Test_2,TACTTTCCGCACGCCA-1
Test,Test_2,ACCTGCGTGTCATGTT-1
Test,Test_2,ATGTGAAAGCCTAATG-1
Test,Test_2,AAACTTGCAAACGTAT-1
Test,Test_2,TCGGAGAGTATCGGGA-1
Test,Test_2,AGGGCGAGCAGCTGAT-1
Test,Test_2,TGCCAAAGTCAGACTT-1
Test,Test_2,CATGCCAACTCGCAAA-1
Test,Test_2,CAAATCTCTCACAAGG-1
Test,Test_2,CTTGCAACCGCCTCCT-1
Test,Test_2,AGGCCCTAGAACGCCA-1
Test,Test_2,CGATCTGTTGGAGGAC-1
Test,Test_2,AGTCGGCTCAACTTTA-1
Test,Test_2,CAGCTGGCGTAACCGT-1
Test,Test_2,GACTACAAAGCGGTGG-1
Test,Test_2,GCCCGACTTCTTCCCG-1
Test,Test_2,TACCTTAAGATTTCCC-1
Test,Test_2,TCAACGCAGGAAATAA-1
Test,Test_2,TATTCCTCCGCCCACT-1
Test,Test_2,AAATTTGCGGGTGTGG-1
Test,Test_2,AAGTTCGGCCAACAGG-1
Test,Test_2,ATCACGTGCTAATTAA-1
Test,Test_2,GGTGAAGTACAGGGAT-1
Test,Test_2,CCGTGTTAAATTCCAT-1
Test,Test_2,CTGCTGAGGCCACGAA-1
Test,Test_2,TTGACCGTGTTAATGA-1
Test,Test_2,TCTGTTACCCAGCATA-1
Test,Test_2,GGTCTCTGAATGGACT-1
Test,Test_2,GCTCAATCCGTTTATT-1
Test,Test_2,CTAACTGGTCCGGTTC-1
Test,Test_2,CACGTCGGCAACCTCT-1
Test,Test_2,TCGCCGAAGTTGCGTC-1
Test,Test_2,TTGAGAGTACTGCTAA-1
Test,Test_2,CTCCGCCCACATGAGG-1
Test,Test_2,GTTGAACCGGTTCCAT-1
Test,Test_2,TCCTAGCAAAGAAGCT-1
Test,Test_2,GATGTTCAATCCACGA-1
Test,Test_2,TCCAACTTTAAATTCT-1
Test,Test_2,GCGTCTCTGCATTGGG-1
Test,Test_2,GAGAGGGCGCGAGGTT-1
Test,Test_2,GGGTACTTCATGAACT-1
Test,Test_2,ACCCATCTTGAGGGTA-1
Test,Test_2,GACGCTTGCTTCTAAA-1
Test,Test_2,GGGAACGGGAGGTTAG-1
Test,Test_2,TCTGGGTAGCGCTCAT-1
Test,Test_2,ACATCGGTCAGCCGCG-1
Test,Test_2,CGGTGCAGATAGAACG-1
Test,Test_2,GTGCCATCACACGGTG-1
Test,Test_2,CCCAACATACGTCGCG-1
Test,Test_2,TACCGGTCGTTTCCAT-1
Test,Test_2,TTGCATGCTGATCACG-1
Test,Test_2,TAGTCTAACAACGAGA-1
Test,Test_2,TGGAAGAAGGGAACGT-1
Test,Test_2,TGATTTATTAGCTGTG-1
Test,Test_2,CTAAAGAATGCCTACT-1
Test,Test_2,CTAACCGCGCGCCCGT-1
Test,Test_2,GCGGCTCTGACGTACC-1
Test,Test_2,ACGTTAGATTTGCCCG-1
Test,Test_2,AGATACCGGTGTTCAC-1
Test,Test_2,GTCTATCTGAGTTTCT-1
Test,Test_2,GATTACTGAATTTGGG-1
Test,Test_2,ACCATCGTATATGGTA-1
Test,Test_2,TGAGCCATACAGTCTC-1
Test,Test_2,TTGACTACCATATGGT-1
Test,Test_2,ATCAGACGGCACGCCG-1
Test,Test_2,GGGCGGGTTCCCTACG-1
Test,Test_2,GCAAGAATTCCTTGGC-1
Test,Test_2,CGAGTACTAAAGAGGA-1
Test,Test_2,CCGCTTACCTCACTCT-1
Test,Test_2,TTGATTAGCTGTTTCT-1
Test,Test_2,ATCAAACGAAGGTTTG-1
Test,Test_2,CTGGCATCCGAATGAG-1
Test,Test_2,AATGACAGCAATGTCT-1
Test,Test_2,CCACGGAGCCATAAGA-1
Test,Test_2,AGTTTGGCCAGACCTA-1
Test,Test_2,CTTCTATGTTGAAGTA-1
Test,Test_2,TTGTAAGGACCTAAGT-1
Test,Test_2,GGTTACCACCCTCGGG-1
Test,Test_2,GTGGACCAACCCGATT-1
Test,Test_2,GAGAGGTGCATTCTGG-1
Test,Test_2,TTGACATGAACGTGGA-1
Test,Test_2,ATAGGCGGCTATAGAA-1
Test,Test_2,AAACCGGGTAGGTACC-1
Test,Test_2,GCAACCACGGCCGCGT-1
Test,Test_2,GTGGTTTCCGCCTTTC-1
Test,Test_2,CGAAACGCAATTCATG-1
Test,Test_2,TTGGACATGTGGCTTA-1
Test,Test_2,CCCGTAAGTCTAGGCC-1
Test,Test_2,CCCAATTTCACAACTT-1
Test,Test_2,TACGTTTACCGGCAAT-1
Test,Test_2,ATAAATATTAGCAGCT-1
Test,Test_2,AAGAGGATGTACGCGA-1
Test,Test_2,CCGGGTTCGAGGTTAC-1
Test,Test_2,TGGTCTGTTGGGCGTA-1
Test,Test_2,GTTACAATTGGTGACG-1
Test,Test_2,TTGCCCTGATCACGGG-1
Test,Test_2,TACGATGTTGATCATC-1
Test,Test_3,CTGGGATCGCCCAGAT-1
Test,Test_3,CTGCAAATGGGCTCCA-1
Test,Test_3,ACCTTTCCTTTAGAAG-1
Test,Test_3,ATAGATTTGCAGTCGG-1
Test,Test_3,TTACTGTTTCTCTACG-1
Test,Test_3,GACCAGGTCATTCATA-1
Test,Test_3,CGGCTGCAAGATTAAG-1
Test,Test_3,CATGAACCTCTTATCA-1
Test,Test_3,TGGAGCTAAAGTTCCC-1
Test,Test_3,GGGTGGTCCAGCCTGT-1
Test,Test_3,TGGTATCGCATCCCAA-1
Test,Test_3,CACCGCCGACCAGCGA-1
Test,Test_3,ACGTACAGATTTCTCT-1
Test,Test_3,TACCAGCTAGGTTTAA-1
Test,Test_3,AACCGTTGTGTTTGCT-1
Test,Test_3,CTCATGGCTCACAATC-1
Test,Test_3,GTGCAACAAATGTGGC-1
Test,Test_3,GAAGTGCTGGATAGCT-1
Test,Test_3,CATGCGTTAGACAGAA-1
Test,Test_3,AGAGCGGGCTAATCAT-1
Test,Test_3,GCGTCGAAATGTCGGT-1
Test,Test_3,AACTGATATTAGGCCT-1
Test,Test_3,AACAGGAAATCGAATA-1
Test,Test_3,ATTAATTCGGTCACTC-1
Test,Test_3,CAAATTGTCAGCAAGC-1
Test,Test_3,GAGGTACATCCATCTT-1
Test,Test_3,TCATCCCAGAGGGTGG-1
Test,Test_3,CGTAGCGAATTGTCAG-1
Test,Test_3,CGAACGCCCAGTGCCG-1
Test,Test_3,CTCTGTTTGAGGATTC-1
Test,Test_3,GAAACTCTAATGAAGG-1
Test,Test_3,TTGTATCACACAGAAT-1
Test,Test_3,TGAAACTTATGCAAGC-1
Test,Test_3,TAGATCCGAAGTCGCA-1
Test,Test_3,GCGATTCTGGAAGCAG-1
Test,Test_3,ACATCGTTAACCTAGT-1
Test,Test_3,TGTTTAATACTTCATC-1
Test,Test_3,GATGGTGCCCTAGGCA-1
Test,Test_3,CGAAACATAGATGGCA-1
Test,Test_3,ACAGCGCACCCGCAGC-1
Test,Test_3,CATATTATTTGCCCTA-1
Test,Test_3,TAGAATTAAGGGCAAC-1
Test,Test_3,CAAACTATTGAGCTTC-1
Test,Test_3,AGGTACGATATTGCCA-1
Test,Test_3,TTAAGCCGACAACTTC-1
Test,Test_3,TTCAAGCCGAGCTGAG-1
Test,Test_3,CCTAGTTAGTCGCATG-1
Test,Test_3,AAATGGCATGTCTTGT-1
Test,Test_3,ACGTTTAGTTGTGATC-1
Test,Test_3,TCCTTCAGTGGTCGAA-1
Test,Test_3,AGCCCTAAGCGAAGTT-1
Test,Test_3,CTTCTTACGTCGTATA-1
Test,Test_3,CGTTTAAGCGGAGCAC-1
Test,Test_3,CATGCTGGCTCCAATT-1
Test,Test_3,CACCATCGGAGGAGAC-1
Test,Test_3,TTGGATCGACTTCTGG-1
Test,Test_3,GTCACAAAGTTTCCAA-1
Test,Test_3,AATCGGGACACTACGA-1
Test,Test_3,TGGTATCGGTCTGTAT-1
Test,Test_3,GGAATAACCTCAAGAA-1
Test,Test_3,ATGTGTAGTTTAGTCA-1
Test,Test_3,ATACCAGCAAATTGCT-1
Test,Test_3,CTCTCGATGTGCGCCT-1
Test,Test_3,CAGCCCTCACAGGCAG-1
Test,Test_3,GAAGACTTCAATGCCG-1
Test,Test_3,GATTGACACTCTGCTC-1
Test,Test_3,AAACGAAGAACATACC-1
Test,Test_3,TGAGATCAAATACTCA-1
Test,Test_3,CGACATGCGATCTTCT-1
Test,Test_3,CTGGTCCTAACTTGGC-1
Test,Test_3,ACCGTTCCCGCTCTGA-1
Test,Test_3,TATCACAGCACGGGCA-1
Test,Test_3,GCGTGTATGTCGTATT-1
Test,Test_3,GACGGACCGCGTTCCT-1
Test,Test_3,TATTCCGGCAGTCCTA-1
Test,Test_3,CAATGGTCGGCCTGGG-1
Test,Test_3,GTAGACAACCGATGAA-1
Test,Test_3,CGGCTTTGTATGATAA-1
Test,Test_3,CTTGACCCGAAAGATA-1
Test,Test_3,TCGGGTGAAACTGCTA-1
Test,Test_3,CTATGTCTATTGAAAC-1
Test,Test_3,TCGTATAGTGCAATTA-1
Test,Test_3,TGTCCCGACATAGCAC-1
Test,Test_3,TTAACGTCGCAAGACC-1
Test,Test_3,ACCGAAAGGGCCCTGC-1
Test,Test_3,ATACCAGGCTAATAGA-1
Test,Test_3,ACGTTCCGCGCTCCGT-1
Test,Test_3,CGTAGCGCCGACGTTG-1
Test,Test_3,CAAGTGAACTTTGGTT-1
Test,Test_3,TGCTATACAAACGGAC-1
Test,Test_3,AAGTTTACTAATGGCA-1
Test,Test_3,CCGAGGGATGTTAGGC-1
Test,Test_3,GTTATCACCTTCTGAA-1
Test,Test_3,ACAGATTAGGTTAGTG-1
Test,Test_3,ATTATCTCGACAGATC-1
Test,Test_3,CGCAGAAACATTTGCG-1
Test,Test_3,TATATTCGCGTCGATA-1
Test,Test_3,CCTCCCGACAATCCCT-1
Test,Test_3,ACAGCATAGAGCCAGT-1
Test,Test_3,GACCCGTCGCCGGCTA-1
Test,Test_3,TCGTTCGTTATTATGT-1
Test,Test_3,ATATTCCCACAGGTCA-1
Test,Test_3,GATATCTCATGCAATA-1
Test,Test_3,ACACACTTTCTACACG-1
Test,Test_3,GAAACAGCCATGCAGT-1
Test,Test_3,ACCCTTCATCTGCGAA-1
Test,Test_3,AGTTTCGCAGGTCGGA-1
Test,Test_3,TGCGGTGAAATTTCAT-1
Test,Test_3,CTTAACTTCGAAGTAC-1
Test,Test_3,GCACAAGTGTCGGAAG-1
Test,Test_3,AACACGACTGTACTGA-1
Test,Test_3,CCCAACCACACTAACA-1
Test,Test_3,AACCCTGGTGGAACCA-1
Test,Test_3,ACACGGCACTATGCAT-1
Test,Test_3,CCCTGGTATGGGCGGC-1
Test,Test_3,CTACGAACTAGGTCGA-1
Test,Test_3,GGAGGATTGAAAGGAG-1
Test,Test_3,TGCACGAGTCGGCAGC-1
Test,Test_3,ATAGTCTTTGACGTGC-1
Test,Test_3,AATAAGTCCTCGAGAC-1
Test,Test_3,CATGCATGGAGACCCT-1
Test,Test_3,CCGCCACCACAATCCA-1
Test,Test_3,CATTCACTGACAGCTA-1
Test,Test_3,ACCAAACTAGAAATCC-1
Test,Test_3,TTCTTCCCTTTGATAT-1
Test,Test_3,TGCGGGTATTGGGATC-1
Test,Test_3,GTCTCGCCAACACGCC-1
Test,Test_3,CAACAGTGCCAAACGG-1
Test,Test_3,TTGCGGCGACTCATGC-1
Test,Test_3,GTGGCGGGCCGTAGCT-1
Test,Test_3,CTCGGGCATCGTCGGG-1
Test,Test_3,CGCGTCATATTAAACC-1
Test,Test_3,CATTATAACAGGGTCC-1
Test,Test_4,CTCAGAGCTAATGTCG-1
Test,Test_4,CTGCGATTTCGAGATT-1
Test,Test_4,TAGGTTCTGCTGAGAA-1
Test,Test_4,GCCTGTCCCGGTGCAT-1
Test,Test_4,CGATCGAGAAGCACCA-1
Test,Test_4,GGACACCTCGGTGTTG-1
Test,Test_4,CTTAATCGACTTAGTA-1
Test,Test_4,ATGTCATAATAAACGA-1
Test,Test_4,GTGCTATCCAGCTGGA-1
Test,Test_4,TGTCGTGGGTATAGGC-1
Test,Test_4,ATATGTCTAGAGCGTG-1
Test,Test_4,ACACATTTCCGTAGAC-1
Test,Test_4,CTCTACATCCTGCGTG-1
Test,Test_4,CGAAGATCAGTTTCAT-1
Test,Test_4,ACGCCACTCGAAACAG-1
Test,Test_4,TAGGATCTTAACCGCA-1
Test,Test_4,GACTTTCGAGCGGTTC-1
Test,Test_4,TAGTAGTTGCCGGACA-1
Test,Test_4,GCCCTAAGTGCAGGAT-1
Test,Test_4,ATTTATACTGGTAAAG-1
Test,Test_4,TAAATTGTGGGTAAAG-1
Test,Test_4,GGAAAGGGAATTGAGC-1
Test,Test_4,CGGTATGGGCACTCTG-1
Test,Test_4,GTCCGTTAGAGGGCCT-1
Test,Test_4,GCTTTATTAAGTTACC-1
Test,Test_4,GTGCTGTTAGAACATA-1
Test,Test_4,GGCTTCTCGTGGGTGG-1
Test,Test_4,AATGTTAAGACCCTGA-1
Test,Test_4,TCAGCGCACGCCGTTT-1
Test,Test_4,CTTACATAGATTTCTT-1
Test,Test_4,AGCAGTCGAAGCATGC-1
Test,Test_4,GTACTACGGCCTCGTT-1
Test,Test_4,TCAGAGGACGCGTTAG-1
Test,Test_4,GGCTGGCAATCCCACG-1
Test,Test_4,CTTCATCACCAGGGCT-1
Test,Test_4,CCGGTATCTGGCGACT-1
Test,Test_4,CATGTGGGCTCATCAC-1
Test,Test_4,GATTATCTTGCATTAT-1
Test,Test_4,CCTGATTCGCGAAGAA-1
Test,Test_4,TGTACTATCGCTCGTT-1
Test,Test_4,TTAGCGAATAGATAGG-1
Test,Test_4,ACATACAATCAAGCGG-1
Test,Test_4,GAGTCCACCAGGTTTA-1
Test,Test_4,AATTATACCCAGCAAG-1
Test,Test_4,CTCTAACACCGGCAGC-1
Test,Test_4,AACATAGCGTGTATCG-1
Test,Test_4,TATCCCTCGATCTGCA-1
Test,Test_4,CCTACAGTTGAGGGAG-1
Test,Test_4,TCCTGCAGCCGCCAAT-1
Test,Test_4,AATCGAGGTCTCAAGG-1
Test,Test_4,ACCACACGGTTGATGG-1
Test,Test_4,CATGATACGGTGAAAC-1
Test,Test_4,ACTTGGGCTTTCGCCA-1
Test,Test_4,AGGCTTAAGTTGCACA-1
Test,Test_4,GCGAATGGACTAGCGA-1
Test,Test_4,CCCTGGGAGGGATCCT-1
Test,Test_4,GCGACGGTAGTCTCCT-1
Test,Test_4,CTTAGATGTTTCATCC-1
Test,Test_4,GCGGGCAGACGGGTGA-1
Test,Test_4,GACAGAGGTCTTCAGT-1
Test,Test_4,TCGATTTACGAAACGA-1
Test,Test_4,CTAAAGGATGAGATAC-1
Test,Test_4,ATCAAAGAGCCGTGGT-1
Test,Test_4,GTTCTTGTAACTCAAT-1
Test,Test_4,AACCCGCTGTATTCCA-1
Test,Test_4,CCCAGGAAGAATTCGA-1
Test,Test_4,CTGCTCTGACGGCAAA-1
Test,Test_4,GATTCTGTTAATGAGT-1
Test,Test_4,TAGAGGGAGTTTATCT-1
Test,Test_4,GGCCTGCTCTGATGTT-1
Test,Test_4,GGCATTGAACATCTCA-1
Test,Test_4,ATGGTATTGGGAACCG-1
Test,Test_4,TAACAGGTTCCCTTAG-1
Test,Test_5,AGCAACATATCTTATT-1
Test,Test_5,GGATGAAGATCGCTGA-1
Test,Test_5,TGTATGGCGCAGACAG-1
Test,Test_5,AAGGTGATAAACCAGC-1
Test,Test_5,ATGGGCCTCGGCCTCT-1
Test,Test_5,AACCGCTAAGGGATGC-1
Test,Test_5,ATACGTCCACTCCTGT-1
Test,Test_5,ACCAGTGCGGGAGACG-1
Test,Test_5,TCCTTACGACGGTCCG-1
Test,Test_5,CGAACAGTATGGGCGT-1
Test,Test_5,GATCGCTACCCGATTT-1
Test,Test_5,AGGCATTGTCGTAGGG-1
Test,Test_5,CGCTGGTGACTACCCT-1
Test,Test_5,TTGACAGGAGCTCCCG-1
Test,Test_5,CTCTTCTATTGACTGG-1
Test,Test_5,AAGTCAATTGTCGTCA-1
Test,Test_5,AGTGAACAAACTTCTC-1
Test,Test_5,AAGTGCCTTGACTGTA-1
Test,Test_5,ATCGCCAGTCAACATT-1
Test,Test_5,TTGACTATTGTCCGGC-1
Test,Test_5,TCAAGGTTACTACACC-1
Test,Test_5,ATGCGAGTCCCACCAC-1
Test,Test_5,TCGGCGAACCCAAACC-1
Test,Test_5,ACTAGTTGCGATCGTC-1
Test,Test_5,GGCAGCAAACCTATGC-1
Test,Test_5,CGCAGGCGATCCAAAC-1
Test,Test_5,CCATATGGAAACTATA-1
Test,Test_5,CTATGGGAAGCGGAAT-1
Test,Test_5,CACCGTATCCCATCCG-1
Test,Test_5,CGGGAATATAGTATAC-1
Test,Test_5,CACCTTGGCGCCTTTG-1
Test,Test_5,TTAAGATAGGATTGAC-1
Test,Test_5,TCTTAGAGTGAACTCT-1
Test,Test_5,CGCGGCTCAACTTGAA-1
Test,Test_5,CTGGCTGATTCATCCT-1
Test,Test_5,TAAGGCTGAATCCCTC-1
Test,Test_5,AGGATATAGGGATTTA-1
Test,Test_5,TGCTCCACAGTTCTTA-1
Test,Test_5,TCTAGTGATATCGTGG-1
Test,Test_5,GACAAACATATGCAGG-1
Test,Test_5,CATGATGGAAGTTAGC-1
Test,Test_5,GGTTTAGCCTTTCTTG-1
Test,Test_5,TCGAAGAACCGAGCAC-1
Test,Test_5,ACCGGGCCTTTGTTGA-1
Test,Test_5,CGTGGCCGAATATCTA-1
Test,Test_5,GTGATCACTAACGCCT-1
Test,Test_5,TGGTAGAATATATGGG-1
Test,Test_5,TTCTTATCCGCTGGGT-1
Test,Test_5,AGACGAAGTGCCGGTC-1
Test,Test_5,TAGTCGATCACGGGTT-1
Test,Test_5,TCTGAACTCGTACCCG-1
Test,Test_5,CGACACGCTCCGACAG-1
Test,Test_5,TCTTACTTATGCCTCT-1
Test,Test_5,ATGCCATTTGCGACCA-1
Test,Test_5,AAAGTGTGATTTATCT-1
Test,Test_5,CGACAATTTGATCTAA-1
Test,Test_5,GAATAGACGCGACCCA-1
Test,Test_6,CTGCGTTACGATATAA-1
Test,Test_6,TAATAAACAAGGAGAT-1
Test,Test_6,CACATTCTTTCGATGG-1
Test,Test_6,GATATGCGGTAGCCAA-1
Test,Test_6,GGAAAGTGCCCATGCC-1
Test,Test_6,GCCAGGAGTAACCGAT-1
Test,Test_6,TATCGATCTATGCATA-1
Test,Test_6,CGACTCAGGATGTTAT-1
Test,Test_6,GTGAAACGGCGCCACC-1
Test,Test_6,TCGCTTTAAACGTTTG-1
Test,Test_6,AGAGAACCGTCTAGGA-1
Test,Test_6,AAGGATGAGGGACCTC-1
Test,Test_6,TAAAGCGTTAGGAGAA-1
Test,Test_6,TGTGGCAAAGCGTATG-1
Test,Test_6,TCCGTTTAGCCTTGAA-1
Test,Test_6,CGAGTTCTGTCCCACC-1
Test,Test_6,GAGGGCGCAGCTCTGC-1
Test,Test_6,AGGCAGATGCGTAAAC-1
Test,Test_6,GGGCTCATCGAACCCA-1
Test,Test_6,CCAGTCTAGACGGCGC-1
Test,Test_6,TTGATGTGTAGTCCCG-1
Test,Test_6,AGCGCGGGTGCCAATG-1
Test,Test_6,TAATCGATCCGTACGT-1
Test,Test_6,AAATTACCTATCGATG-1
Test,Test_6,TTACAGACCTAAATGA-1
Test,Test_6,ATAGGCTAGCTTCGCA-1
Test,Test_6,CTCAGTCACGACAAAT-1
Test,Test_6,TTCCAATCAGAGCTAG-1
Test,Test_6,CTTGTGCTCACCGATT-1
Test,Test_6,CGGTAGAGGTGCAGGT-1
Test,Test_6,CCTAACTAAGGCTCTA-1
Test,Test_6,GCGGTGAACTGCGCTC-1
Test,Test_6,CCTCGCGCGATATAGG-1
Test,Test_6,CCTCACCTTAGCATCG-1
Test,Test_6,GACTCGCGGGAATGAC-1
Test,Test_6,GCGCTGCTTTGCATTT-1
Test,Test_6,CTGGTAACGAGCTCTT-1
Test,Test_6,TCCGGCCTAGCGTACA-1
Test,Test_6,CATGCGACCAGTTTAA-1
Test,Test_6,GATCCTAAATCGGGAC-1
Test,Test_6,CCTTTCAATGAAGAAA-1
Test,Test_6,AGTGGCGGCAATTTGA-1
Test,Test_6,AATGATGATACGCTAT-1
Test,Test_6,AATTCATAAGGGATCT-1
Test,Test_6,ATCAGTAGGCAGGGAT-1
Test,Test_6,GCCATATTGCACACAG-1
Test,Test_6,TCTTACCGGAACTCGT-1
Test,Test_6,CCAATTACGGGTCGAG-1
Test,Test_6,GCAGGTAGAGTATGGT-1
Test,Test_6,TATGTCAAGACCGACT-1
Test,Test_6,TCGCTAAACCGCTATC-1
Test,Test_6,CGTTTCACTTCGGGCG-1
Test,Test_6,AGTCCCGCCTTTAATT-1
Test,Test_6,AACCTTTACGACGTCT-1
Test,Test_7,AGTCGTCGACCACCAA-1
Test,Test_7,ACTGAAACGCCGTTAG-1
Test,Test_7,CCTGTTTGAAGACACG-1
Test,Test_7,CGGCGCCATCAATCCC-1
Test,Test_7,AACTCCAGAGCGTGTT-1
Test,Test_7,AGTGCTAAACACAGCA-1
Test,Test_7,CCTATGTCCACTCCAC-1
Test,Test_7,CTGCCTTTCTAGTAAA-1
Test,Test_7,GTATCCTTTGGTAACC-1
Test,Test_7,CATAGTCAAATACATA-1
Test,Test_7,GTCTAGTGAGCCGCTT-1
Test,Test_7,TCCAACTCAGCTATCT-1
Test,Test_7,CGCATGCCGAATGCGT-1
Test,Test_7,CGTAGAGAGTAATTAT-1
Test,Test_7,GGGAGCGACCGTAGTG-1
Test,Test_7,AAACGGGCGTACGGGT-1
Test,Test_7,TTAGTAAACCTGCTCT-1
Test,Test_7,CCTCCTGTTGTGTCGT-1
Test,Test_7,ATAGCAACTAGGGAAG-1
Test,Test_7,TCTGCATACCTTGCTT-1
Test,Test_7,GCCTCCGACAATTCAC-1
Test,Test_7,CTGCAGAGAATCAGAG-1
Test,Test_7,GGAAACTAAATGGGCC-1
Test,Test_7,CCGTAGGGTTGTTTAC-1
Test,Test_7,TCTCCACAAGTTGAAT-1
Test,Test_7,TGCAACCCATCTGCGG-1
Test,Test_7,AGTGATAACCTGCGCG-1
Test,Test_7,TGTACCTACACGAGGG-1
Test,Test_7,TATGATCTTCTCTTTA-1
Test,Test_7,ATATCGTTCCTCGAAC-1
Test,Test_8,GCGGAGAAACTTCGCA-1
Test,Test_8,ATTTCCGGGTTCTGCG-1
Test,Test_8,CACTCCTATGTAAGAT-1
Test,Test_8,TCGAGCCAGGCAGGCC-1
Test,Test_8,TCAGTGTATACGTCAT-1
Test,Test_8,GGCTCCTCCACCTGTT-1
Test,Test_8,CGTGTCTCGTTACGAC-1
Test,Test_8,GAATAGTGCTCGATTA-1
Test,Test_8,AACAATACATTGTCGA-1
Test,Test_8,ACCGTGACCACGTGGG-1
Test,Test_8,CTCTTCTGGAAGTTAG-1
Test,Test_8,CCCAATGAGATTTGCA-1
Test,Test_8,CTACTCAAGGTATAGT-1
Test,Test_8,ACGTTCGTTCAGGAAA-1
Test,Test_8,TAGTAGCTTATACCAG-1
Test,Test_8,CGCTGTGTGGATGTTG-1
Test,Test_8,CACATCGTGCACGCGC-1
Test,Test_8,GCGACCCAACCATCTG-1
Test,Test_8,TCGAATATCCCGCAGG-1
Test,Test_8,GATGACAAGTAGGGCA-1
Test,Test_8,AGAGAAGGAGTACAAT-1
Test,Test_8,TTAGGTCATAACCGAC-1
Test,Test_8,CTACAAGAAATAACCC-1
Test,Test_8,CCCGTAGCTGGGAAGA-1
Test,Test_8,TCGTCAAGTACGCGCA-1
Test,Test_8,TTCGGGCGCTAGTCTT-1
Test,Test_8,GCTCCTGACATACTGG-1
Test,Test_8,TACGCCGAGGGTACCC-1
Test,Test_9,GTTATTAAATACGACC-1
Test,Test_9,CAACTCCAACGTTTAG-1
Test,Test_9,TAGGAACAGCCTCCAG-1
Test,Test_9,ATTCTGAGTATGAACT-1
Test,Test_9,CACACGTTTCAATGGG-1
Test,Test_9,GGTGTTCTGTTTCTAC-1
Test,Test_9,AACTGGGTTCGAGCCG-1
Test,Test_9,ATAAAGGTCAAGTACG-1
Test,Test_9,ATGGGAACGGAAGCGG-1
Test,Test_9,GTTCAATCTATGTCAA-1
Test,Test_9,CCTGACGCAACCTTTA-1
Test,Test_10,AAATAGGGTGCTATTG-1
Test,Test_10,TCTCCCTGGGCAGCGT-1
Test,Test_10,CAATGCGAGAAGTATC-1
Test,Test_10,TACCAATAAAGTACCA-1
Test,Test_10,TCGTCTTAGGCGTTAA-1
Test,Test_10,TTCTGACCGGGCTCAA-1
Test,Test_10,TGCCTTGGCCAGGCAA-1
Test,Test_10,CAGAACTTAGCCCTCT-1
Test,Test_10,GCTAGGCACCACGGAG-1
Test,Test_10,AGCACTACCTCACCAG-1
Test,Test_10,AAGTGTTTGGAGACGG-1
Test,Test_11,GTAGTCTACGATATTG-1
Test,Test_11,AGAAGGTTGTAGGTCG-1
Test,Test_11,GGCCGGCGTCTGCTAT-1
Test,Test_11,GACTAGGCCGTTAGGT-1
Test,Test_11,AGTCGTATAAAGCAGA-1
Test,Test_11,AAACCTAAGCAGCCGG-1
Test,Test_11,CGTCGCATGTGAGCCA-1
Test,Test_11,TTGACCAGGAACAACT-1
Test,Test_11,GGGAAGACGGTCTGTC-1
Test,Test_12,GCTTTCAGAGGAGGTG-1
Test,Test_12,TCTTCCCATGGGCACA-1
Test,Test_12,CGTCGGATAGTGTTGA-1
Test,Test_12,GCGTGGTACTGGGTTA-1
Test,Test_12,ATATGTCTCCCTAGCC-1
Test,Test_12,TCTTTAAGACTATGAA-1
Test,Test_12,TCTGAATTCCGTACAA-1
Test,Test_12,TACCGCGGACTTGCAG-1
Test,Test_13,AAGTTCACTCCAAGCT-1
Test,Test_13,ATACTGCCTTACACCG-1
Test,Test_13,GTCCCGCGACGTTATG-1
Test,Test_13,CGCGACCGCGACAGAT-1
Test,Test_13,GAGCACCTGTGTCCAG-1
Test,Test_13,GCAGTGTGGCTATAGG-1
Test,Test_13,TACAGAAACGGTGGGC-1
Test,Test_13,GGCGCGGAGATCTTTC-1
Test,Test_14,GTTCTTCCCTCGATGT-1
Test,Test_14,AACGATAGAAGGGCCG-1
Test,Test_14,ATGATCGGGAATAGAC-1
Test,Test_14,GTTCCAGTCTGACCAT-1
Test,Test_14,TATCCTGCATGGGAAT-1
Test,Test_14,AGGCCCATTGTACAGG-1
Test,Test_14,ATTTAACTCGTATTAC-1
Test,Test_15,CGGGATCAATGTAAGA-1
Test,Test_15,TCAAACAACCGCGTCG-1
Test,Test_15,AAAGGGATGTAGCAAG-1
Test,Test_15,ATCGACTCTTTCCGTT-1
Test,Test_16,GGTCTCCGTCCAGGTT-1
